{"backend_name": "ibmq_jakarta", "backend_version": "1.2.7", "qobj_id": "48e46fcf-1610-40f6-ad85-b324bf9844f5", "job_id": "6408869c0ad55fd6d8f0fb18", "date": "2023-03-08T13:06:25Z", "success": true, "status": "Successful completion", "execution_id": "ac06c13c-bdb1-11ed-8775-bc97e15b08d0", "time_taken": 154.11297607421875, "header": {"backend_name": "ibmq_jakarta", "backend_version": "1.2.7"}, "results": [{"shots": 8192, "success": true, "status": "done", "seed": null, "meas_level": 2, "meas_return": null, "header": {"qubit_labels": [["q", 0], ["q", 1], ["q", 2], ["q", 3], ["q", 4], ["q", 5], ["q", 6]], "n_qubits": 7, "qreg_sizes": [["q", 7]], "clbit_labels": [["cr_anc", 0], ["cr", 0], ["cr", 1], ["cr", 2], ["cr", 3]], "memory_slots": 5, "creg_sizes": [["cr_anc", 1], ["cr", 4]], "name": "qc_dsp_Z", "global_phase": 1.5707963267948966, "metadata": {}}, "data": {"counts": {"0x0": 1615, "0x1": 1402, "0x10": 190, "0x11": 128, "0x12": 31, "0x13": 13, "0x14": 154, "0x15": 117, "0x16": 15, "0x17": 20, "0x18": 59, "0x19": 44, "0x1a": 11, "0x1b": 14, "0x1c": 48, "0x1d": 61, "0x1e": 12, "0x1f": 8, "0x2": 184, "0x3": 115, "0x4": 1174, "0x5": 1651, "0x6": 111, "0x7": 270, "0x8": 153, "0x9": 83, "0xa": 48, "0xb": 37, "0xc": 135, "0xd": 188, "0xe": 43, "0xf": 58}, "snapshots": null, "memory": null, "statevector": null, "unitary": null}}, {"shots": 8192, "success": true, "status": "done", "seed": null, "meas_level": 2, "meas_return": null, "header": {"qubit_labels": [["q", 0], ["q", 1], ["q", 2], ["q", 3], ["q", 4], ["q", 5], ["q", 6]], "n_qubits": 7, "qreg_sizes": [["q", 7]], "clbit_labels": [["cr_anc", 0], ["cr", 0], ["cr", 1], ["cr", 2], ["cr", 3]], "memory_slots": 5, "creg_sizes": [["cr_anc", 1], ["cr", 4]], "name": "qc_dsp_Z", "global_phase": 1.5707963267948966, "metadata": {}}, "data": {"counts": {"0x0": 1977, "0x1": 818, "0x10": 181, "0x11": 89, "0x12": 54, "0x13": 52, "0x14": 59, "0x15": 54, "0x16": 83, "0x17": 79, "0x18": 45, "0x19": 48, "0x1a": 49, "0x1b": 54, "0x1c": 54, "0x1d": 29, "0x1e": 39, "0x1f": 47, "0x2": 430, "0x3": 478, "0x4": 247, "0x5": 287, "0x6": 698, "0x7": 703, "0x8": 138, "0x9": 106, "0xa": 258, "0xb": 168, "0xc": 123, "0xd": 91, "0xe": 284, "0xf": 370}, "snapshots": null, "memory": null, "statevector": null, "unitary": null}}, {"shots": 8192, "success": true, "status": "done", "seed": null, "meas_level": 2, "meas_return": null, "header": {"qubit_labels": [["q", 0], ["q", 1], ["q", 2], ["q", 3], ["q", 4], ["q", 5], ["q", 6]], "n_qubits": 7, "qreg_sizes": [["q", 7]], "clbit_labels": [["cr_anc", 0], ["cr", 0], ["cr", 1], ["cr", 2], ["cr", 3]], "memory_slots": 5, "creg_sizes": [["cr_anc", 1], ["cr", 4]], "name": "qc_dsp_Z", "global_phase": 1.5707963267948966, "metadata": {}}, "data": {"counts": {"0x0": 1924, "0x1": 841, "0x10": 283, "0x11": 65, "0x12": 84, "0x13": 85, "0x14": 143, "0x15": 75, "0x16": 114, "0x17": 136, "0x18": 78, "0x19": 75, "0x1a": 65, "0x1b": 43, "0x1c": 64, "0x1d": 42, "0x1e": 74, "0x1f": 53, "0x2": 267, "0x3": 255, "0x4": 575, "0x5": 462, "0x6": 773, "0x7": 491, "0x8": 133, "0x9": 150, "0xa": 130, "0xb": 83, "0xc": 147, "0xd": 105, "0xe": 175, "0xf": 202}, "snapshots": null, "memory": null, "statevector": null, "unitary": null}}, {"shots": 8192, "success": true, "status": "done", "seed": null, "meas_level": 2, "meas_return": null, "header": {"qubit_labels": [["q", 0], ["q", 1], ["q", 2], ["q", 3], ["q", 4], ["q", 5], ["q", 6]], "n_qubits": 7, "qreg_sizes": [["q", 7]], "clbit_labels": [["cr_anc", 0], ["cr", 0], ["cr", 1], ["cr", 2], ["cr", 3]], "memory_slots": 5, "creg_sizes": [["cr_anc", 1], ["cr", 4]], "name": "qc_dsp_Z", "global_phase": 1.5707963267948966, "metadata": {}}, "data": {"counts": {"0x0": 1543, "0x1": 431, "0x10": 205, "0x11": 112, "0x12": 67, "0x13": 81, "0x14": 148, "0x15": 92, "0x16": 172, "0x17": 105, "0x18": 179, "0x19": 143, "0x1a": 120, "0x1b": 83, "0x1c": 144, "0x1d": 95, "0x1e": 157, "0x1f": 76, "0x2": 282, "0x3": 328, "0x4": 854, "0x5": 440, "0x6": 836, "0x7": 480, "0x8": 205, "0x9": 79, "0xa": 113, "0xb": 144, "0xc": 217, "0xd": 88, "0xe": 100, "0xf": 73}, "snapshots": null, "memory": null, "statevector": null, "unitary": null}}, {"shots": 8192, "success": true, "status": "done", "seed": null, "meas_level": 2, "meas_return": null, "header": {"qubit_labels": [["q", 0], ["q", 1], ["q", 2], ["q", 3], ["q", 4], ["q", 5], ["q", 6]], "n_qubits": 7, "qreg_sizes": [["q", 7]], "clbit_labels": [["cr_anc", 0], ["cr", 0], ["cr", 1], ["cr", 2], ["cr", 3]], "memory_slots": 5, "creg_sizes": [["cr_anc", 1], ["cr", 4]], "name": "qc_dsp_Z", "global_phase": 0.0, "metadata": {}}, "data": {"counts": {"0x0": 1486, "0x1": 1481, "0x10": 193, "0x11": 138, "0x12": 34, "0x13": 11, "0x14": 162, "0x15": 114, "0x16": 14, "0x17": 16, "0x18": 68, "0x19": 52, "0x1a": 18, "0x1b": 13, "0x1c": 42, "0x1d": 96, "0x1e": 10, "0x1f": 7, "0x2": 252, "0x3": 115, "0x4": 1334, "0x5": 1502, "0x6": 110, "0x7": 176, "0x8": 165, "0x9": 71, "0xa": 47, "0xb": 46, "0xc": 129, "0xd": 208, "0xe": 49, "0xf": 33}, "snapshots": null, "memory": null, "statevector": null, "unitary": null}}, {"shots": 8192, "success": true, "status": "done", "seed": null, "meas_level": 2, "meas_return": null, "header": {"qubit_labels": [["q", 0], ["q", 1], ["q", 2], ["q", 3], ["q", 4], ["q", 5], ["q", 6]], "n_qubits": 7, "qreg_sizes": [["q", 7]], "clbit_labels": [["cr_anc", 0], ["cr", 0], ["cr", 1], ["cr", 2], ["cr", 3]], "memory_slots": 5, "creg_sizes": [["cr_anc", 1], ["cr", 4]], "name": "qc_dsp_Z", "global_phase": 0.0, "metadata": {}}, "data": {"counts": {"0x0": 1745, "0x1": 867, "0x10": 138, "0x11": 155, "0x12": 44, "0x13": 44, "0x14": 35, "0x15": 44, "0x16": 56, "0x17": 33, "0x18": 132, "0x19": 51, "0x1a": 97, "0x1b": 124, "0x1c": 57, "0x1d": 64, "0x1e": 125, "0x1f": 166, "0x2": 176, "0x3": 178, "0x4": 397, "0x5": 302, "0x6": 455, "0x7": 456, "0x8": 273, "0x9": 248, "0xa": 316, "0xb": 398, "0xc": 174, "0xd": 173, "0xe": 293, "0xf": 376}, "snapshots": null, "memory": null, "statevector": null, "unitary": null}}, {"shots": 8192, "success": true, "status": "done", "seed": null, "meas_level": 2, "meas_return": null, "header": {"qubit_labels": [["q", 0], ["q", 1], ["q", 2], ["q", 3], ["q", 4], ["q", 5], ["q", 6]], "n_qubits": 7, "qreg_sizes": [["q", 7]], "clbit_labels": [["cr_anc", 0], ["cr", 0], ["cr", 1], ["cr", 2], ["cr", 3]], "memory_slots": 5, "creg_sizes": [["cr_anc", 1], ["cr", 4]], "name": "qc_dsp_Z", "global_phase": 0.0, "metadata": {}}, "data": {"counts": {"0x0": 1292, "0x1": 522, "0x10": 229, "0x11": 473, "0x12": 215, "0x13": 222, "0x14": 187, "0x15": 199, "0x16": 434, "0x17": 423, "0x18": 171, "0x19": 272, "0x1a": 88, "0x1b": 98, "0x1c": 110, "0x1d": 135, "0x1e": 96, "0x1f": 134, "0x2": 189, "0x3": 193, "0x4": 529, "0x5": 243, "0x6": 407, "0x7": 430, "0x8": 167, "0x9": 110, "0xa": 119, "0xb": 101, "0xc": 147, "0xd": 81, "0xe": 108, "0xf": 68}, "snapshots": null, "memory": null, "statevector": null, "unitary": null}}, {"shots": 8192, "success": true, "status": "done", "seed": null, "meas_level": 2, "meas_return": null, "header": {"qubit_labels": [["q", 0], ["q", 1], ["q", 2], ["q", 3], ["q", 4], ["q", 5], ["q", 6]], "n_qubits": 7, "qreg_sizes": [["q", 7]], "clbit_labels": [["cr_anc", 0], ["cr", 0], ["cr", 1], ["cr", 2], ["cr", 3]], "memory_slots": 5, "creg_sizes": [["cr_anc", 1], ["cr", 4]], "name": "qc_dsp_Z", "global_phase": 4.71238898038469, "metadata": {}}, "data": {"counts": {"0x0": 1471, "0x1": 1277, "0x10": 240, "0x11": 114, "0x12": 41, "0x13": 18, "0x14": 186, "0x15": 145, "0x16": 27, "0x17": 26, "0x18": 119, "0x19": 79, "0x1a": 24, "0x1b": 16, "0x1c": 58, "0x1d": 114, "0x1e": 14, "0x1f": 16, "0x2": 201, "0x3": 154, "0x4": 1075, "0x5": 1461, "0x6": 132, "0x7": 273, "0x8": 181, "0x9": 105, "0xa": 60, "0xb": 68, "0xc": 186, "0xd": 175, "0xe": 69, "0xf": 67}, "snapshots": null, "memory": null, "statevector": null, "unitary": null}}, {"shots": 8192, "success": true, "status": "done", "seed": null, "meas_level": 2, "meas_return": null, "header": {"qubit_labels": [["q", 0], ["q", 1], ["q", 2], ["q", 3], ["q", 4], ["q", 5], ["q", 6]], "n_qubits": 7, "qreg_sizes": [["q", 7]], "clbit_labels": [["cr_anc", 0], ["cr", 0], ["cr", 1], ["cr", 2], ["cr", 3]], "memory_slots": 5, "creg_sizes": [["cr_anc", 1], ["cr", 4]], "name": "qc_dsp_Z", "global_phase": 4.71238898038469, "metadata": {}}, "data": {"counts": {"0x0": 1970, "0x1": 541, "0x10": 280, "0x11": 72, "0x12": 66, "0x13": 90, "0x14": 100, "0x15": 62, "0x16": 85, "0x17": 160, "0x18": 96, "0x19": 52, "0x1a": 43, "0x1b": 78, "0x1c": 115, "0x1d": 35, "0x1e": 71, "0x1f": 35, "0x2": 376, "0x3": 432, "0x4": 363, "0x5": 304, "0x6": 469, "0x7": 801, "0x8": 117, "0x9": 150, "0xa": 231, "0xb": 197, "0xc": 132, "0xd": 99, "0xe": 265, "0xf": 305}, "snapshots": null, "memory": null, "statevector": null, "unitary": null}}, {"shots": 8192, "success": true, "status": "done", "seed": null, "meas_level": 2, "meas_return": null, "header": {"qubit_labels": [["q", 0], ["q", 1], ["q", 2], ["q", 3], ["q", 4], ["q", 5], ["q", 6]], "n_qubits": 7, "qreg_sizes": [["q", 7]], "clbit_labels": [["cr_anc", 0], ["cr", 0], ["cr", 1], ["cr", 2], ["cr", 3]], "memory_slots": 5, "creg_sizes": [["cr_anc", 1], ["cr", 4]], "name": "qc_dsp_Z", "global_phase": 4.71238898038469, "metadata": {}}, "data": {"counts": {"0x0": 1858, "0x1": 536, "0x10": 409, "0x11": 97, "0x12": 92, "0x13": 83, "0x14": 163, "0x15": 97, "0x16": 132, "0x17": 164, "0x18": 124, "0x19": 92, "0x1a": 65, "0x1b": 62, "0x1c": 97, "0x1d": 61, "0x1e": 75, "0x1f": 56, "0x2": 237, "0x3": 285, "0x4": 637, "0x5": 421, "0x6": 600, "0x7": 626, "0x8": 148, "0x9": 175, "0xa": 128, "0xb": 106, "0xc": 133, "0xd": 108, "0xe": 152, "0xf": 173}, "snapshots": null, "memory": null, "statevector": null, "unitary": null}}, {"shots": 8192, "success": true, "status": "done", "seed": null, "meas_level": 2, "meas_return": null, "header": {"qubit_labels": [["q", 0], ["q", 1], ["q", 2], ["q", 3], ["q", 4], ["q", 5], ["q", 6]], "n_qubits": 7, "qreg_sizes": [["q", 7]], "clbit_labels": [["cr_anc", 0], ["cr", 0], ["cr", 1], ["cr", 2], ["cr", 3]], "memory_slots": 5, "creg_sizes": [["cr_anc", 1], ["cr", 4]], "name": "qc_dsp_Z", "global_phase": 4.71238898038469, "metadata": {}}, "data": {"counts": {"0x0": 1473, "0x1": 302, "0x10": 302, "0x11": 91, "0x12": 94, "0x13": 106, "0x14": 225, "0x15": 95, "0x16": 134, "0x17": 116, "0x18": 251, "0x19": 133, "0x1a": 153, "0x1b": 99, "0x1c": 196, "0x1d": 87, "0x1e": 161, "0x1f": 86, "0x2": 269, "0x3": 333, "0x4": 835, "0x5": 337, "0x6": 645, "0x7": 462, "0x8": 260, "0x9": 96, "0xa": 128, "0xb": 161, "0xc": 290, "0xd": 74, "0xe": 99, "0xf": 99}, "snapshots": null, "memory": null, "statevector": null, "unitary": null}}, {"shots": 8192, "success": true, "status": "done", "seed": null, "meas_level": 2, "meas_return": null, "header": {"qubit_labels": [["q", 0], ["q", 1], ["q", 2], ["q", 3], ["q", 4], ["q", 5], ["q", 6]], "n_qubits": 7, "qreg_sizes": [["q", 7]], "clbit_labels": [["cr_anc", 0], ["cr", 0], ["cr", 1], ["cr", 2], ["cr", 3]], "memory_slots": 5, "creg_sizes": [["cr_anc", 1], ["cr", 4]], "name": "qc_dsp_Z", "global_phase": 3.141592653589793, "metadata": {}}, "data": {"counts": {"0x0": 1319, "0x1": 1157, "0x10": 253, "0x11": 114, "0x12": 46, "0x13": 25, "0x14": 241, "0x15": 137, "0x16": 19, "0x17": 25, "0x18": 121, "0x19": 86, "0x1a": 30, "0x1b": 26, "0x1c": 77, "0x1d": 122, "0x1e": 22, "0x1f": 19, "0x2": 319, "0x3": 155, "0x4": 1103, "0x5": 1479, "0x6": 167, "0x7": 229, "0x8": 202, "0x9": 93, "0xa": 65, "0xb": 67, "0xc": 164, "0xd": 186, "0xe": 69, "0xf": 55}, "snapshots": null, "memory": null, "statevector": null, "unitary": null}}, {"shots": 8192, "success": true, "status": "done", "seed": null, "meas_level": 2, "meas_return": null, "header": {"qubit_labels": [["q", 0], ["q", 1], ["q", 2], ["q", 3], ["q", 4], ["q", 5], ["q", 6]], "n_qubits": 7, "qreg_sizes": [["q", 7]], "clbit_labels": [["cr_anc", 0], ["cr", 0], ["cr", 1], ["cr", 2], ["cr", 3]], "memory_slots": 5, "creg_sizes": [["cr_anc", 1], ["cr", 4]], "name": "qc_dsp_Z", "global_phase": 3.141592653589793, "metadata": {}}, "data": {"counts": {"0x0": 1565, "0x1": 697, "0x10": 152, "0x11": 143, "0x12": 56, "0x13": 55, "0x14": 67, "0x15": 43, "0x16": 73, "0x17": 41, "0x18": 167, "0x19": 93, "0x1a": 135, "0x1b": 133, "0x1c": 99, "0x1d": 77, "0x1e": 130, "0x1f": 154, "0x2": 170, "0x3": 207, "0x4": 397, "0x5": 355, "0x6": 335, "0x7": 590, "0x8": 419, "0x9": 258, "0xa": 324, "0xb": 302, "0xc": 214, "0xd": 183, "0xe": 262, "0xf": 296}, "snapshots": null, "memory": null, "statevector": null, "unitary": null}}, {"shots": 8192, "success": true, "status": "done", "seed": null, "meas_level": 2, "meas_return": null, "header": {"qubit_labels": [["q", 0], ["q", 1], ["q", 2], ["q", 3], ["q", 4], ["q", 5], ["q", 6]], "n_qubits": 7, "qreg_sizes": [["q", 7]], "clbit_labels": [["cr_anc", 0], ["cr", 0], ["cr", 1], ["cr", 2], ["cr", 3]], "memory_slots": 5, "creg_sizes": [["cr_anc", 1], ["cr", 4]], "name": "qc_dsp_Z", "global_phase": 3.141592653589793, "metadata": {}}, "data": {"counts": {"0x0": 1217, "0x1": 380, "0x10": 219, "0x11": 509, "0x12": 211, "0x13": 188, "0x14": 174, "0x15": 228, "0x16": 397, "0x17": 325, "0x18": 205, "0x19": 302, "0x1a": 128, "0x1b": 88, "0x1c": 141, "0x1d": 166, "0x1e": 86, "0x1f": 126, "0x2": 153, "0x3": 221, "0x4": 630, "0x5": 203, "0x6": 314, "0x7": 463, "0x8": 215, "0x9": 116, "0xa": 115, "0xb": 138, "0xc": 216, "0xd": 116, "0xe": 120, "0xf": 82}, "snapshots": null, "memory": null, "statevector": null, "unitary": null}}, {"shots": 8192, "success": true, "status": "done", "seed": null, "meas_level": 2, "meas_return": null, "header": {"qubit_labels": [["q", 0], ["q", 1], ["q", 2], ["q", 3], ["q", 4], ["q", 5], ["q", 6]], "n_qubits": 7, "qreg_sizes": [["q", 7]], "clbit_labels": [["cr_anc", 0], ["cr", 0], ["cr", 1], ["cr", 2], ["cr", 3]], "memory_slots": 5, "creg_sizes": [["cr_anc", 1], ["cr", 4]], "name": "qc_dsp_Z", "global_phase": 1.5707963267948966, "metadata": {}}, "data": {"counts": {"0x0": 1461, "0x1": 1053, "0x10": 219, "0x11": 132, "0x12": 42, "0x13": 27, "0x14": 230, "0x15": 183, "0x16": 33, "0x17": 35, "0x18": 112, "0x19": 77, "0x1a": 43, "0x1b": 22, "0x1c": 101, "0x1d": 92, "0x1e": 32, "0x1f": 22, "0x2": 240, "0x3": 203, "0x4": 959, "0x5": 1562, "0x6": 181, "0x7": 212, "0x8": 147, "0x9": 124, "0xa": 58, "0xb": 73, "0xc": 234, "0xd": 171, "0xe": 58, "0xf": 54}, "snapshots": null, "memory": null, "statevector": null, "unitary": null}}, {"shots": 8192, "success": true, "status": "done", "seed": null, "meas_level": 2, "meas_return": null, "header": {"qubit_labels": [["q", 0], ["q", 1], ["q", 2], ["q", 3], ["q", 4], ["q", 5], ["q", 6]], "n_qubits": 7, "qreg_sizes": [["q", 7]], "clbit_labels": [["cr_anc", 0], ["cr", 0], ["cr", 1], ["cr", 2], ["cr", 3]], "memory_slots": 5, "creg_sizes": [["cr_anc", 1], ["cr", 4]], "name": "qc_dsp_Z", "global_phase": 1.5707963267948966, "metadata": {}}, "data": {"counts": {"0x0": 1619, "0x1": 381, "0x10": 289, "0x11": 90, "0x12": 87, "0x13": 102, "0x14": 117, "0x15": 76, "0x16": 99, "0x17": 179, "0x18": 102, "0x19": 89, "0x1a": 72, "0x1b": 102, "0x1c": 103, "0x1d": 36, "0x1e": 56, "0x1f": 55, "0x2": 364, "0x3": 418, "0x4": 527, "0x5": 300, "0x6": 411, "0x7": 902, "0x8": 181, "0x9": 165, "0xa": 200, "0xb": 193, "0xc": 178, "0xd": 111, "0xe": 282, "0xf": 306}, "snapshots": null, "memory": null, "statevector": null, "unitary": null}}, {"shots": 8192, "success": true, "status": "done", "seed": null, "meas_level": 2, "meas_return": null, "header": {"qubit_labels": [["q", 0], ["q", 1], ["q", 2], ["q", 3], ["q", 4], ["q", 5], ["q", 6]], "n_qubits": 7, "qreg_sizes": [["q", 7]], "clbit_labels": [["cr_anc", 0], ["cr", 0], ["cr", 1], ["cr", 2], ["cr", 3]], "memory_slots": 5, "creg_sizes": [["cr_anc", 1], ["cr", 4]], "name": "qc_dsp_Z", "global_phase": 1.5707963267948966, "metadata": {}}, "data": {"counts": {"0x0": 1674, "0x1": 394, "0x10": 424, "0x11": 112, "0x12": 121, "0x13": 102, "0x14": 170, "0x15": 98, "0x16": 130, "0x17": 204, "0x18": 140, "0x19": 99, "0x1a": 97, "0x1b": 73, "0x1c": 108, "0x1d": 77, "0x1e": 90, "0x1f": 72, "0x2": 301, "0x3": 314, "0x4": 713, "0x5": 362, "0x6": 438, "0x7": 640, "0x8": 160, "0x9": 133, "0xa": 155, "0xb": 117, "0xc": 194, "0xd": 120, "0xe": 170, "0xf": 190}, "snapshots": null, "memory": null, "statevector": null, "unitary": null}}, {"shots": 8192, "success": true, "status": "done", "seed": null, "meas_level": 2, "meas_return": null, "header": {"qubit_labels": [["q", 0], ["q", 1], ["q", 2], ["q", 3], ["q", 4], ["q", 5], ["q", 6]], "n_qubits": 7, "qreg_sizes": [["q", 7]], "clbit_labels": [["cr_anc", 0], ["cr", 0], ["cr", 1], ["cr", 2], ["cr", 3]], "memory_slots": 5, "creg_sizes": [["cr_anc", 1], ["cr", 4]], "name": "qc_dsp_Z", "global_phase": 1.5707963267948966, "metadata": {}}, "data": {"counts": {"0x0": 1393, "0x1": 262, "0x10": 365, "0x11": 107, "0x12": 117, "0x13": 107, "0x14": 236, "0x15": 99, "0x16": 184, "0x17": 130, "0x18": 238, "0x19": 126, "0x1a": 141, "0x1b": 98, "0x1c": 210, "0x1d": 85, "0x1e": 138, "0x1f": 96, "0x2": 289, "0x3": 349, "0x4": 881, "0x5": 311, "0x6": 500, "0x7": 490, "0x8": 228, "0x9": 101, "0xa": 124, "0xb": 141, "0xc": 319, "0xd": 106, "0xe": 126, "0xf": 95}, "snapshots": null, "memory": null, "statevector": null, "unitary": null}}, {"shots": 8192, "success": true, "status": "done", "seed": null, "meas_level": 2, "meas_return": null, "header": {"qubit_labels": [["q", 0], ["q", 1], ["q", 2], ["q", 3], ["q", 4], ["q", 5], ["q", 6]], "n_qubits": 7, "qreg_sizes": [["q", 7]], "clbit_labels": [["cr_anc", 0], ["cr", 0], ["cr", 1], ["cr", 2], ["cr", 3]], "memory_slots": 5, "creg_sizes": [["cr_anc", 1], ["cr", 4]], "name": "qc_dsp_Z", "global_phase": 0.0, "metadata": {}}, "data": {"counts": {"0x0": 1260, "0x1": 1009, "0x10": 283, "0x11": 118, "0x12": 62, "0x13": 41, "0x14": 244, "0x15": 174, "0x16": 46, "0x17": 51, "0x18": 158, "0x19": 87, "0x1a": 20, "0x1b": 38, "0x1c": 86, "0x1d": 120, "0x1e": 32, "0x1f": 35, "0x2": 282, "0x3": 246, "0x4": 967, "0x5": 1335, "0x6": 205, "0x7": 302, "0x8": 179, "0x9": 145, "0xa": 69, "0xb": 83, "0xc": 180, "0xd": 194, "0xe": 69, "0xf": 72}, "snapshots": null, "memory": null, "statevector": null, "unitary": null}}, {"shots": 8192, "success": true, "status": "done", "seed": null, "meas_level": 2, "meas_return": null, "header": {"qubit_labels": [["q", 0], ["q", 1], ["q", 2], ["q", 3], ["q", 4], ["q", 5], ["q", 6]], "n_qubits": 7, "qreg_sizes": [["q", 7]], "clbit_labels": [["cr_anc", 0], ["cr", 0], ["cr", 1], ["cr", 2], ["cr", 3]], "memory_slots": 5, "creg_sizes": [["cr_anc", 1], ["cr", 4]], "name": "qc_dsp_Z", "global_phase": 0.0, "metadata": {}}, "data": {"counts": {"0x0": 1418, "0x1": 509, "0x10": 171, "0x11": 172, "0x12": 55, "0x13": 58, "0x14": 80, "0x15": 61, "0x16": 58, "0x17": 83, "0x18": 224, "0x19": 107, "0x1a": 165, "0x1b": 177, "0x1c": 170, "0x1d": 80, "0x1e": 143, "0x1f": 214, "0x2": 189, "0x3": 222, "0x4": 489, "0x5": 329, "0x6": 262, "0x7": 539, "0x8": 385, "0x9": 238, "0xa": 325, "0xb": 318, "0xc": 244, "0xd": 148, "0xe": 269, "0xf": 290}, "snapshots": null, "memory": null, "statevector": null, "unitary": null}}, {"shots": 8192, "success": true, "status": "done", "seed": null, "meas_level": 2, "meas_return": null, "header": {"qubit_labels": [["q", 0], ["q", 1], ["q", 2], ["q", 3], ["q", 4], ["q", 5], ["q", 6]], "n_qubits": 7, "qreg_sizes": [["q", 7]], "clbit_labels": [["cr_anc", 0], ["cr", 0], ["cr", 1], ["cr", 2], ["cr", 3]], "memory_slots": 5, "creg_sizes": [["cr_anc", 1], ["cr", 4]], "name": "qc_dsp_Z", "global_phase": 0.0, "metadata": {}}, "data": {"counts": {"0x0": 1051, "0x1": 305, "0x10": 264, "0x11": 511, "0x12": 254, "0x13": 200, "0x14": 194, "0x15": 267, "0x16": 418, "0x17": 289, "0x18": 174, "0x19": 251, "0x1a": 126, "0x1b": 106, "0x1c": 150, "0x1d": 213, "0x1e": 107, "0x1f": 111, "0x2": 219, "0x3": 287, "0x4": 587, "0x5": 248, "0x6": 261, "0x7": 431, "0x8": 219, "0x9": 123, "0xa": 133, "0xb": 167, "0xc": 207, "0xd": 109, "0xe": 112, "0xf": 98}, "snapshots": null, "memory": null, "statevector": null, "unitary": null}}, {"shots": 8192, "success": true, "status": "done", "seed": null, "meas_level": 2, "meas_return": null, "header": {"qubit_labels": [["q", 0], ["q", 1], ["q", 2], ["q", 3], ["q", 4], ["q", 5], ["q", 6]], "n_qubits": 7, "qreg_sizes": [["q", 7]], "clbit_labels": [["cr_anc", 0], ["cr", 0], ["cr", 1], ["cr", 2], ["cr", 3]], "memory_slots": 5, "creg_sizes": [["cr_anc", 1], ["cr", 4]], "name": "qc_dsp_Z", "global_phase": 3.141592653589793, "metadata": {}}, "data": {"counts": {"0x0": 1502, "0x1": 1373, "0x10": 155, "0x11": 160, "0x12": 36, "0x13": 32, "0x14": 152, "0x15": 155, "0x16": 15, "0x17": 39, "0x18": 101, "0x19": 51, "0x1a": 18, "0x1b": 11, "0x1c": 60, "0x1d": 62, "0x1e": 14, "0x1f": 12, "0x2": 243, "0x3": 174, "0x4": 1118, "0x5": 1345, "0x6": 137, "0x7": 325, "0x8": 276, "0x9": 98, "0xa": 43, "0xb": 31, "0xc": 133, "0xd": 189, "0xe": 73, "0xf": 59}, "snapshots": null, "memory": null, "statevector": null, "unitary": null}}, {"shots": 8192, "success": true, "status": "done", "seed": null, "meas_level": 2, "meas_return": null, "header": {"qubit_labels": [["q", 0], ["q", 1], ["q", 2], ["q", 3], ["q", 4], ["q", 5], ["q", 6]], "n_qubits": 7, "qreg_sizes": [["q", 7]], "clbit_labels": [["cr_anc", 0], ["cr", 0], ["cr", 1], ["cr", 2], ["cr", 3]], "memory_slots": 5, "creg_sizes": [["cr_anc", 1], ["cr", 4]], "name": "qc_dsp_Z", "global_phase": 3.141592653589793, "metadata": {}}, "data": {"counts": {"0x0": 1844, "0x1": 681, "0x10": 230, "0x11": 69, "0x12": 81, "0x13": 80, "0x14": 76, "0x15": 46, "0x16": 97, "0x17": 92, "0x18": 58, "0x19": 47, "0x1a": 48, "0x1b": 62, "0x1c": 60, "0x1d": 34, "0x1e": 53, "0x1f": 47, "0x2": 425, "0x3": 488, "0x4": 349, "0x5": 419, "0x6": 549, "0x7": 474, "0x8": 167, "0x9": 129, "0xa": 284, "0xb": 242, "0xc": 166, "0xd": 115, "0xe": 296, "0xf": 384}, "snapshots": null, "memory": null, "statevector": null, "unitary": null}}, {"shots": 8192, "success": true, "status": "done", "seed": null, "meas_level": 2, "meas_return": null, "header": {"qubit_labels": [["q", 0], ["q", 1], ["q", 2], ["q", 3], ["q", 4], ["q", 5], ["q", 6]], "n_qubits": 7, "qreg_sizes": [["q", 7]], "clbit_labels": [["cr_anc", 0], ["cr", 0], ["cr", 1], ["cr", 2], ["cr", 3]], "memory_slots": 5, "creg_sizes": [["cr_anc", 1], ["cr", 4]], "name": "qc_dsp_Z", "global_phase": 3.141592653589793, "metadata": {}}, "data": {"counts": {"0x0": 1693, "0x1": 605, "0x10": 284, "0x11": 109, "0x12": 83, "0x13": 70, "0x14": 128, "0x15": 88, "0x16": 179, "0x17": 133, "0x18": 91, "0x19": 95, "0x1a": 57, "0x1b": 56, "0x1c": 69, "0x1d": 68, "0x1e": 60, "0x1f": 65, "0x2": 286, "0x3": 224, "0x4": 718, "0x5": 407, "0x6": 828, "0x7": 453, "0x8": 141, "0x9": 185, "0xa": 160, "0xb": 110, "0xc": 141, "0xd": 142, "0xe": 242, "0xf": 222}, "snapshots": null, "memory": null, "statevector": null, "unitary": null}}, {"shots": 8192, "success": true, "status": "done", "seed": null, "meas_level": 2, "meas_return": null, "header": {"qubit_labels": [["q", 0], ["q", 1], ["q", 2], ["q", 3], ["q", 4], ["q", 5], ["q", 6]], "n_qubits": 7, "qreg_sizes": [["q", 7]], "clbit_labels": [["cr_anc", 0], ["cr", 0], ["cr", 1], ["cr", 2], ["cr", 3]], "memory_slots": 5, "creg_sizes": [["cr_anc", 1], ["cr", 4]], "name": "qc_dsp_Z", "global_phase": 3.141592653589793, "metadata": {}}, "data": {"counts": {"0x0": 1324, "0x1": 338, "0x10": 241, "0x11": 121, "0x12": 94, "0x13": 101, "0x14": 198, "0x15": 97, "0x16": 168, "0x17": 105, "0x18": 176, "0x19": 141, "0x1a": 139, "0x1b": 54, "0x1c": 157, "0x1d": 81, "0x1e": 147, "0x1f": 104, "0x2": 341, "0x3": 339, "0x4": 997, "0x5": 416, "0x6": 945, "0x7": 293, "0x8": 267, "0x9": 94, "0xa": 142, "0xb": 107, "0xc": 181, "0xd": 92, "0xe": 118, "0xf": 74}, "snapshots": null, "memory": null, "statevector": null, "unitary": null}}, {"shots": 8192, "success": true, "status": "done", "seed": null, "meas_level": 2, "meas_return": null, "header": {"qubit_labels": [["q", 0], ["q", 1], ["q", 2], ["q", 3], ["q", 4], ["q", 5], ["q", 6]], "n_qubits": 7, "qreg_sizes": [["q", 7]], "clbit_labels": [["cr_anc", 0], ["cr", 0], ["cr", 1], ["cr", 2], ["cr", 3]], "memory_slots": 5, "creg_sizes": [["cr_anc", 1], ["cr", 4]], "name": "qc_dsp_Z", "global_phase": 1.5707963267948966, "metadata": {}}, "data": {"counts": {"0x0": 1372, "0x1": 1387, "0x10": 190, "0x11": 168, "0x12": 35, "0x13": 20, "0x14": 131, "0x15": 151, "0x16": 23, "0x17": 24, "0x18": 109, "0x19": 52, "0x1a": 19, "0x1b": 16, "0x1c": 44, "0x1d": 92, "0x1e": 14, "0x1f": 12, "0x2": 283, "0x3": 161, "0x4": 1114, "0x5": 1377, "0x6": 138, "0x7": 287, "0x8": 287, "0x9": 104, "0xa": 62, "0xb": 45, "0xc": 141, "0xd": 210, "0xe": 82, "0xf": 42}, "snapshots": null, "memory": null, "statevector": null, "unitary": null}}, {"shots": 8192, "success": true, "status": "done", "seed": null, "meas_level": 2, "meas_return": null, "header": {"qubit_labels": [["q", 0], ["q", 1], ["q", 2], ["q", 3], ["q", 4], ["q", 5], ["q", 6]], "n_qubits": 7, "qreg_sizes": [["q", 7]], "clbit_labels": [["cr_anc", 0], ["cr", 0], ["cr", 1], ["cr", 2], ["cr", 3]], "memory_slots": 5, "creg_sizes": [["cr_anc", 1], ["cr", 4]], "name": "qc_dsp_Z", "global_phase": 1.5707963267948966, "metadata": {}}, "data": {"counts": {"0x0": 1567, "0x1": 680, "0x10": 133, "0x11": 171, "0x12": 39, "0x13": 47, "0x14": 44, "0x15": 64, "0x16": 52, "0x17": 64, "0x18": 160, "0x19": 93, "0x1a": 105, "0x1b": 123, "0x1c": 89, "0x1d": 67, "0x1e": 158, "0x1f": 178, "0x2": 183, "0x3": 195, "0x4": 436, "0x5": 416, "0x6": 445, "0x7": 378, "0x8": 329, "0x9": 292, "0xa": 302, "0xb": 307, "0xc": 159, "0xd": 162, "0xe": 343, "0xf": 411}, "snapshots": null, "memory": null, "statevector": null, "unitary": null}}, {"shots": 8192, "success": true, "status": "done", "seed": null, "meas_level": 2, "meas_return": null, "header": {"qubit_labels": [["q", 0], ["q", 1], ["q", 2], ["q", 3], ["q", 4], ["q", 5], ["q", 6]], "n_qubits": 7, "qreg_sizes": [["q", 7]], "clbit_labels": [["cr_anc", 0], ["cr", 0], ["cr", 1], ["cr", 2], ["cr", 3]], "memory_slots": 5, "creg_sizes": [["cr_anc", 1], ["cr", 4]], "name": "qc_dsp_Z", "global_phase": 1.5707963267948966, "metadata": {}}, "data": {"counts": {"0x0": 990, "0x1": 402, "0x10": 271, "0x11": 564, "0x12": 170, "0x13": 181, "0x14": 173, "0x15": 209, "0x16": 483, "0x17": 466, "0x18": 147, "0x19": 288, "0x1a": 99, "0x1b": 121, "0x1c": 131, "0x1d": 153, "0x1e": 109, "0x1f": 127, "0x2": 196, "0x3": 226, "0x4": 654, "0x5": 286, "0x6": 428, "0x7": 334, "0x8": 204, "0x9": 98, "0xa": 134, "0xb": 117, "0xc": 166, "0xd": 82, "0xe": 107, "0xf": 76}, "snapshots": null, "memory": null, "statevector": null, "unitary": null}}, {"shots": 8192, "success": true, "status": "done", "seed": null, "meas_level": 2, "meas_return": null, "header": {"qubit_labels": [["q", 0], ["q", 1], ["q", 2], ["q", 3], ["q", 4], ["q", 5], ["q", 6]], "n_qubits": 7, "qreg_sizes": [["q", 7]], "clbit_labels": [["cr_anc", 0], ["cr", 0], ["cr", 1], ["cr", 2], ["cr", 3]], "memory_slots": 5, "creg_sizes": [["cr_anc", 1], ["cr", 4]], "name": "qc_dsp_Z", "global_phase": 0.0, "metadata": {}}, "data": {"counts": {"0x0": 1334, "0x1": 1209, "0x10": 227, "0x11": 182, "0x12": 59, "0x13": 42, "0x14": 187, "0x15": 171, "0x16": 35, "0x17": 47, "0x18": 139, "0x19": 84, "0x1a": 30, "0x1b": 19, "0x1c": 67, "0x1d": 93, "0x1e": 24, "0x1f": 34, "0x2": 245, "0x3": 202, "0x4": 952, "0x5": 1285, "0x6": 151, "0x7": 326, "0x8": 310, "0x9": 101, "0xa": 61, "0xb": 62, "0xc": 157, "0xd": 200, "0xe": 94, "0xf": 63}, "snapshots": null, "memory": null, "statevector": null, "unitary": null}}, {"shots": 8192, "success": true, "status": "done", "seed": null, "meas_level": 2, "meas_return": null, "header": {"qubit_labels": [["q", 0], ["q", 1], ["q", 2], ["q", 3], ["q", 4], ["q", 5], ["q", 6]], "n_qubits": 7, "qreg_sizes": [["q", 7]], "clbit_labels": [["cr_anc", 0], ["cr", 0], ["cr", 1], ["cr", 2], ["cr", 3]], "memory_slots": 5, "creg_sizes": [["cr_anc", 1], ["cr", 4]], "name": "qc_dsp_Z", "global_phase": 0.0, "metadata": {}}, "data": {"counts": {"0x0": 1676, "0x1": 442, "0x10": 305, "0x11": 82, "0x12": 103, "0x13": 105, "0x14": 102, "0x15": 102, "0x16": 90, "0x17": 164, "0x18": 86, "0x19": 76, "0x1a": 62, "0x1b": 62, "0x1c": 100, "0x1d": 45, "0x1e": 68, "0x1f": 46, "0x2": 459, "0x3": 416, "0x4": 407, "0x5": 440, "0x6": 457, "0x7": 549, "0x8": 204, "0x9": 246, "0xa": 258, "0xb": 208, "0xc": 198, "0xd": 111, "0xe": 227, "0xf": 296}, "snapshots": null, "memory": null, "statevector": null, "unitary": null}}, {"shots": 8192, "success": true, "status": "done", "seed": null, "meas_level": 2, "meas_return": null, "header": {"qubit_labels": [["q", 0], ["q", 1], ["q", 2], ["q", 3], ["q", 4], ["q", 5], ["q", 6]], "n_qubits": 7, "qreg_sizes": [["q", 7]], "clbit_labels": [["cr_anc", 0], ["cr", 0], ["cr", 1], ["cr", 2], ["cr", 3]], "memory_slots": 5, "creg_sizes": [["cr_anc", 1], ["cr", 4]], "name": "qc_dsp_Z", "global_phase": 0.0, "metadata": {}}, "data": {"counts": {"0x0": 1626, "0x1": 443, "0x10": 302, "0x11": 118, "0x12": 88, "0x13": 80, "0x14": 199, "0x15": 103, "0x16": 160, "0x17": 133, "0x18": 140, "0x19": 115, "0x1a": 75, "0x1b": 53, "0x1c": 96, "0x1d": 79, "0x1e": 60, "0x1f": 48, "0x2": 266, "0x3": 269, "0x4": 773, "0x5": 389, "0x6": 711, "0x7": 511, "0x8": 156, "0x9": 242, "0xa": 160, "0xb": 113, "0xc": 158, "0xd": 153, "0xe": 181, "0xf": 192}, "snapshots": null, "memory": null, "statevector": null, "unitary": null}}, {"shots": 8192, "success": true, "status": "done", "seed": null, "meas_level": 2, "meas_return": null, "header": {"qubit_labels": [["q", 0], ["q", 1], ["q", 2], ["q", 3], ["q", 4], ["q", 5], ["q", 6]], "n_qubits": 7, "qreg_sizes": [["q", 7]], "clbit_labels": [["cr_anc", 0], ["cr", 0], ["cr", 1], ["cr", 2], ["cr", 3]], "memory_slots": 5, "creg_sizes": [["cr_anc", 1], ["cr", 4]], "name": "qc_dsp_Z", "global_phase": 0.0, "metadata": {}}, "data": {"counts": {"0x0": 1230, "0x1": 274, "0x10": 301, "0x11": 114, "0x12": 116, "0x13": 133, "0x14": 261, "0x15": 103, "0x16": 146, "0x17": 116, "0x18": 276, "0x19": 141, "0x1a": 131, "0x1b": 98, "0x1c": 208, "0x1d": 97, "0x1e": 174, "0x1f": 90, "0x2": 322, "0x3": 337, "0x4": 974, "0x5": 332, "0x6": 694, "0x7": 367, "0x8": 303, "0x9": 109, "0xa": 122, "0xb": 103, "0xc": 236, "0xd": 92, "0xe": 99, "0xf": 93}, "snapshots": null, "memory": null, "statevector": null, "unitary": null}}, {"shots": 8192, "success": true, "status": "done", "seed": null, "meas_level": 2, "meas_return": null, "header": {"qubit_labels": [["q", 0], ["q", 1], ["q", 2], ["q", 3], ["q", 4], ["q", 5], ["q", 6]], "n_qubits": 7, "qreg_sizes": [["q", 7]], "clbit_labels": [["cr_anc", 0], ["cr", 0], ["cr", 1], ["cr", 2], ["cr", 3]], "memory_slots": 5, "creg_sizes": [["cr_anc", 1], ["cr", 4]], "name": "qc_dsp_Z", "global_phase": 4.71238898038469, "metadata": {}}, "data": {"counts": {"0x0": 1150, "0x1": 1289, "0x10": 217, "0x11": 160, "0x12": 74, "0x13": 28, "0x14": 195, "0x15": 150, "0x16": 38, "0x17": 36, "0x18": 136, "0x19": 102, "0x1a": 47, "0x1b": 31, "0x1c": 82, "0x1d": 138, "0x1e": 25, "0x1f": 23, "0x2": 364, "0x3": 173, "0x4": 925, "0x5": 1332, "0x6": 175, "0x7": 261, "0x8": 281, "0x9": 110, "0xa": 74, "0xb": 78, "0xc": 177, "0xd": 172, "0xe": 80, "0xf": 69}, "snapshots": null, "memory": null, "statevector": null, "unitary": null}}, {"shots": 8192, "success": true, "status": "done", "seed": null, "meas_level": 2, "meas_return": null, "header": {"qubit_labels": [["q", 0], ["q", 1], ["q", 2], ["q", 3], ["q", 4], ["q", 5], ["q", 6]], "n_qubits": 7, "qreg_sizes": [["q", 7]], "clbit_labels": [["cr_anc", 0], ["cr", 0], ["cr", 1], ["cr", 2], ["cr", 3]], "memory_slots": 5, "creg_sizes": [["cr_anc", 1], ["cr", 4]], "name": "qc_dsp_Z", "global_phase": 4.71238898038469, "metadata": {}}, "data": {"counts": {"0x0": 1435, "0x1": 517, "0x10": 200, "0x11": 191, "0x12": 59, "0x13": 51, "0x14": 86, "0x15": 69, "0x16": 66, "0x17": 53, "0x18": 211, "0x19": 124, "0x1a": 100, "0x1b": 138, "0x1c": 111, "0x1d": 82, "0x1e": 132, "0x1f": 159, "0x2": 214, "0x3": 197, "0x4": 498, "0x5": 435, "0x6": 384, "0x7": 438, "0x8": 369, "0x9": 345, "0xa": 247, "0xb": 264, "0xc": 210, "0xd": 176, "0xe": 298, "0xf": 333}, "snapshots": null, "memory": null, "statevector": null, "unitary": null}}, {"shots": 8192, "success": true, "status": "done", "seed": null, "meas_level": 2, "meas_return": null, "header": {"qubit_labels": [["q", 0], ["q", 1], ["q", 2], ["q", 3], ["q", 4], ["q", 5], ["q", 6]], "n_qubits": 7, "qreg_sizes": [["q", 7]], "clbit_labels": [["cr_anc", 0], ["cr", 0], ["cr", 1], ["cr", 2], ["cr", 3]], "memory_slots": 5, "creg_sizes": [["cr_anc", 1], ["cr", 4]], "name": "qc_dsp_Z", "global_phase": 4.71238898038469, "metadata": {}}, "data": {"counts": {"0x0": 977, "0x1": 317, "0x10": 240, "0x11": 605, "0x12": 182, "0x13": 179, "0x14": 193, "0x15": 222, "0x16": 388, "0x17": 364, "0x18": 174, "0x19": 317, "0x1a": 112, "0x1b": 121, "0x1c": 125, "0x1d": 179, "0x1e": 91, "0x1f": 103, "0x2": 192, "0x3": 235, "0x4": 705, "0x5": 230, "0x6": 308, "0x7": 392, "0x8": 269, "0x9": 76, "0xa": 146, "0xb": 131, "0xc": 253, "0xd": 147, "0xe": 135, "0xf": 84}, "snapshots": null, "memory": null, "statevector": null, "unitary": null}}, {"shots": 8192, "success": true, "status": "done", "seed": null, "meas_level": 2, "meas_return": null, "header": {"qubit_labels": [["q", 0], ["q", 1], ["q", 2], ["q", 3], ["q", 4], ["q", 5], ["q", 6]], "n_qubits": 7, "qreg_sizes": [["q", 7]], "clbit_labels": [["cr_anc", 0], ["cr", 0], ["cr", 1], ["cr", 2], ["cr", 3]], "memory_slots": 5, "creg_sizes": [["cr_anc", 1], ["cr", 4]], "name": "qc_dsp_Z", "global_phase": 3.141592653589793, "metadata": {}}, "data": {"counts": {"0x0": 1174, "0x1": 1093, "0x10": 221, "0x11": 198, "0x12": 56, "0x13": 46, "0x14": 193, "0x15": 233, "0x16": 50, "0x17": 42, "0x18": 167, "0x19": 80, "0x1a": 32, "0x1b": 35, "0x1c": 116, "0x1d": 135, "0x1e": 26, "0x1f": 24, "0x2": 276, "0x3": 229, "0x4": 889, "0x5": 1360, "0x6": 195, "0x7": 242, "0x8": 295, "0x9": 120, "0xa": 86, "0xb": 79, "0xc": 187, "0xd": 186, "0xe": 70, "0xf": 57}, "snapshots": null, "memory": null, "statevector": null, "unitary": null}}, {"shots": 8192, "success": true, "status": "done", "seed": null, "meas_level": 2, "meas_return": null, "header": {"qubit_labels": [["q", 0], ["q", 1], ["q", 2], ["q", 3], ["q", 4], ["q", 5], ["q", 6]], "n_qubits": 7, "qreg_sizes": [["q", 7]], "clbit_labels": [["cr_anc", 0], ["cr", 0], ["cr", 1], ["cr", 2], ["cr", 3]], "memory_slots": 5, "creg_sizes": [["cr_anc", 1], ["cr", 4]], "name": "qc_dsp_Z", "global_phase": 3.141592653589793, "metadata": {}}, "data": {"counts": {"0x0": 1452, "0x1": 348, "0x10": 346, "0x11": 75, "0x12": 138, "0x13": 90, "0x14": 100, "0x15": 100, "0x16": 99, "0x17": 157, "0x18": 127, "0x19": 88, "0x1a": 75, "0x1b": 69, "0x1c": 123, "0x1d": 71, "0x1e": 67, "0x1f": 70, "0x2": 528, "0x3": 415, "0x4": 519, "0x5": 442, "0x6": 389, "0x7": 617, "0x8": 168, "0x9": 230, "0xa": 235, "0xb": 210, "0xc": 229, "0xd": 134, "0xe": 223, "0xf": 258}, "snapshots": null, "memory": null, "statevector": null, "unitary": null}}, {"shots": 8192, "success": true, "status": "done", "seed": null, "meas_level": 2, "meas_return": null, "header": {"qubit_labels": [["q", 0], ["q", 1], ["q", 2], ["q", 3], ["q", 4], ["q", 5], ["q", 6]], "n_qubits": 7, "qreg_sizes": [["q", 7]], "clbit_labels": [["cr_anc", 0], ["cr", 0], ["cr", 1], ["cr", 2], ["cr", 3]], "memory_slots": 5, "creg_sizes": [["cr_anc", 1], ["cr", 4]], "name": "qc_dsp_Z", "global_phase": 3.141592653589793, "metadata": {}}, "data": {"counts": {"0x0": 1497, "0x1": 322, "0x10": 331, "0x11": 113, "0x12": 97, "0x13": 95, "0x14": 207, "0x15": 94, "0x16": 140, "0x17": 159, "0x18": 185, "0x19": 124, "0x1a": 104, "0x1b": 86, "0x1c": 114, "0x1d": 124, "0x1e": 76, "0x1f": 71, "0x2": 281, "0x3": 294, "0x4": 873, "0x5": 389, "0x6": 567, "0x7": 560, "0x8": 161, "0x9": 206, "0xa": 155, "0xb": 127, "0xc": 181, "0xd": 147, "0xe": 161, "0xf": 151}, "snapshots": null, "memory": null, "statevector": null, "unitary": null}}, {"shots": 8192, "success": true, "status": "done", "seed": null, "meas_level": 2, "meas_return": null, "header": {"qubit_labels": [["q", 0], ["q", 1], ["q", 2], ["q", 3], ["q", 4], ["q", 5], ["q", 6]], "n_qubits": 7, "qreg_sizes": [["q", 7]], "clbit_labels": [["cr_anc", 0], ["cr", 0], ["cr", 1], ["cr", 2], ["cr", 3]], "memory_slots": 5, "creg_sizes": [["cr_anc", 1], ["cr", 4]], "name": "qc_dsp_Z", "global_phase": 3.141592653589793, "metadata": {}}, "data": {"counts": {"0x0": 1216, "0x1": 207, "0x10": 337, "0x11": 126, "0x12": 126, "0x13": 136, "0x14": 299, "0x15": 135, "0x16": 133, "0x17": 157, "0x18": 241, "0x19": 131, "0x1a": 138, "0x1b": 107, "0x1c": 265, "0x1d": 97, "0x1e": 156, "0x1f": 95, "0x2": 328, "0x3": 350, "0x4": 991, "0x5": 271, "0x6": 522, "0x7": 386, "0x8": 289, "0x9": 88, "0xa": 129, "0xb": 130, "0xc": 285, "0xd": 83, "0xe": 118, "0xf": 120}, "snapshots": null, "memory": null, "statevector": null, "unitary": null}}, {"shots": 8192, "success": true, "status": "done", "seed": null, "meas_level": 2, "meas_return": null, "header": {"qubit_labels": [["q", 0], ["q", 1], ["q", 2], ["q", 3], ["q", 4], ["q", 5], ["q", 6]], "n_qubits": 7, "qreg_sizes": [["q", 7]], "clbit_labels": [["cr_anc", 0], ["cr", 0], ["cr", 1], ["cr", 2], ["cr", 3]], "memory_slots": 5, "creg_sizes": [["cr_anc", 1], ["cr", 4]], "name": "qc_dsp_Z", "global_phase": 1.5707963267948966, "metadata": {}}, "data": {"counts": {"0x0": 1099, "0x1": 1114, "0x10": 197, "0x11": 188, "0x12": 57, "0x13": 42, "0x14": 215, "0x15": 222, "0x16": 48, "0x17": 50, "0x18": 166, "0x19": 108, "0x1a": 53, "0x1b": 44, "0x1c": 104, "0x1d": 137, "0x1e": 47, "0x1f": 32, "0x2": 261, "0x3": 196, "0x4": 934, "0x5": 1305, "0x6": 204, "0x7": 259, "0x8": 300, "0x9": 101, "0xa": 100, "0xb": 92, "0xc": 202, "0xd": 184, "0xe": 68, "0xf": 63}, "snapshots": null, "memory": null, "statevector": null, "unitary": null}}, {"shots": 8192, "success": true, "status": "done", "seed": null, "meas_level": 2, "meas_return": null, "header": {"qubit_labels": [["q", 0], ["q", 1], ["q", 2], ["q", 3], ["q", 4], ["q", 5], ["q", 6]], "n_qubits": 7, "qreg_sizes": [["q", 7]], "clbit_labels": [["cr_anc", 0], ["cr", 0], ["cr", 1], ["cr", 2], ["cr", 3]], "memory_slots": 5, "creg_sizes": [["cr_anc", 1], ["cr", 4]], "name": "qc_dsp_Z", "global_phase": 1.5707963267948966, "metadata": {}}, "data": {"counts": {"0x0": 1207, "0x1": 408, "0x10": 201, "0x11": 144, "0x12": 77, "0x13": 76, "0x14": 118, "0x15": 99, "0x16": 78, "0x17": 62, "0x18": 220, "0x19": 107, "0x1a": 137, "0x1b": 144, "0x1c": 139, "0x1d": 116, "0x1e": 180, "0x1f": 212, "0x2": 236, "0x3": 265, "0x4": 572, "0x5": 380, "0x6": 273, "0x7": 418, "0x8": 385, "0x9": 303, "0xa": 307, "0xb": 298, "0xc": 284, "0xd": 189, "0xe": 272, "0xf": 285}, "snapshots": null, "memory": null, "statevector": null, "unitary": null}}, {"shots": 8192, "success": true, "status": "done", "seed": null, "meas_level": 2, "meas_return": null, "header": {"qubit_labels": [["q", 0], ["q", 1], ["q", 2], ["q", 3], ["q", 4], ["q", 5], ["q", 6]], "n_qubits": 7, "qreg_sizes": [["q", 7]], "clbit_labels": [["cr_anc", 0], ["cr", 0], ["cr", 1], ["cr", 2], ["cr", 3]], "memory_slots": 5, "creg_sizes": [["cr_anc", 1], ["cr", 4]], "name": "qc_dsp_Z", "global_phase": 1.5707963267948966, "metadata": {}}, "data": {"counts": {"0x0": 899, "0x1": 258, "0x10": 246, "0x11": 510, "0x12": 234, "0x13": 205, "0x14": 214, "0x15": 292, "0x16": 415, "0x17": 310, "0x18": 165, "0x19": 287, "0x1a": 101, "0x1b": 129, "0x1c": 132, "0x1d": 196, "0x1e": 115, "0x1f": 104, "0x2": 194, "0x3": 282, "0x4": 712, "0x5": 211, "0x6": 307, "0x7": 377, "0x8": 288, "0x9": 103, "0xa": 157, "0xb": 131, "0xc": 273, "0xd": 93, "0xe": 137, "0xf": 115}, "snapshots": null, "memory": null, "statevector": null, "unitary": null}}, {"shots": 8192, "success": true, "status": "done", "seed": null, "meas_level": 2, "meas_return": null, "header": {"qubit_labels": [["q", 0], ["q", 1], ["q", 2], ["q", 3], ["q", 4], ["q", 5], ["q", 6]], "n_qubits": 7, "qreg_sizes": [["q", 7]], "clbit_labels": [["cr_anc", 0], ["cr", 0], ["cr", 1], ["cr", 2], ["cr", 3]], "memory_slots": 5, "creg_sizes": [["cr_anc", 1], ["cr", 4]], "name": "qc_dsp_Z", "global_phase": 4.71238898038469, "metadata": {}}, "data": {"counts": {"0x0": 1073, "0x1": 1278, "0x10": 160, "0x11": 147, "0x12": 62, "0x13": 42, "0x14": 195, "0x15": 115, "0x16": 28, "0x17": 78, "0x18": 123, "0x19": 62, "0x1a": 35, "0x1b": 34, "0x1c": 86, "0x1d": 93, "0x1e": 38, "0x1f": 35, "0x2": 406, "0x3": 299, "0x4": 965, "0x5": 922, "0x6": 195, "0x7": 624, "0x8": 306, "0x9": 91, "0xa": 77, "0xb": 78, "0xc": 169, "0xd": 192, "0xe": 110, "0xf": 74}, "snapshots": null, "memory": null, "statevector": null, "unitary": null}}, {"shots": 8192, "success": true, "status": "done", "seed": null, "meas_level": 2, "meas_return": null, "header": {"qubit_labels": [["q", 0], ["q", 1], ["q", 2], ["q", 3], ["q", 4], ["q", 5], ["q", 6]], "n_qubits": 7, "qreg_sizes": [["q", 7]], "clbit_labels": [["cr_anc", 0], ["cr", 0], ["cr", 1], ["cr", 2], ["cr", 3]], "memory_slots": 5, "creg_sizes": [["cr_anc", 1], ["cr", 4]], "name": "qc_dsp_Z", "global_phase": 4.71238898038469, "metadata": {}}, "data": {"counts": {"0x0": 1752, "0x1": 524, "0x10": 238, "0x11": 81, "0x12": 97, "0x13": 75, "0x14": 67, "0x15": 91, "0x16": 123, "0x17": 71, "0x18": 87, "0x19": 78, "0x1a": 68, "0x1b": 60, "0x1c": 91, "0x1d": 52, "0x1e": 53, "0x1f": 51, "0x2": 440, "0x3": 398, "0x4": 379, "0x5": 582, "0x6": 789, "0x7": 327, "0x8": 178, "0x9": 204, "0xa": 239, "0xb": 218, "0xc": 226, "0xd": 112, "0xe": 198, "0xf": 243}, "snapshots": null, "memory": null, "statevector": null, "unitary": null}}, {"shots": 8192, "success": true, "status": "done", "seed": null, "meas_level": 2, "meas_return": null, "header": {"qubit_labels": [["q", 0], ["q", 1], ["q", 2], ["q", 3], ["q", 4], ["q", 5], ["q", 6]], "n_qubits": 7, "qreg_sizes": [["q", 7]], "clbit_labels": [["cr_anc", 0], ["cr", 0], ["cr", 1], ["cr", 2], ["cr", 3]], "memory_slots": 5, "creg_sizes": [["cr_anc", 1], ["cr", 4]], "name": "qc_dsp_Z", "global_phase": 4.71238898038469, "metadata": {}}, "data": {"counts": {"0x0": 1518, "0x1": 389, "0x10": 229, "0x11": 85, "0x12": 106, "0x13": 92, "0x14": 106, "0x15": 80, "0x16": 171, "0x17": 103, "0x18": 96, "0x19": 134, "0x1a": 75, "0x1b": 80, "0x1c": 73, "0x1d": 78, "0x1e": 90, "0x1f": 87, "0x2": 415, "0x3": 275, "0x4": 774, "0x5": 304, "0x6": 1036, "0x7": 286, "0x8": 153, "0x9": 280, "0xa": 197, "0xb": 133, "0xc": 139, "0xd": 179, "0xe": 197, "0xf": 232}, "snapshots": null, "memory": null, "statevector": null, "unitary": null}}, {"shots": 8192, "success": true, "status": "done", "seed": null, "meas_level": 2, "meas_return": null, "header": {"qubit_labels": [["q", 0], ["q", 1], ["q", 2], ["q", 3], ["q", 4], ["q", 5], ["q", 6]], "n_qubits": 7, "qreg_sizes": [["q", 7]], "clbit_labels": [["cr_anc", 0], ["cr", 0], ["cr", 1], ["cr", 2], ["cr", 3]], "memory_slots": 5, "creg_sizes": [["cr_anc", 1], ["cr", 4]], "name": "qc_dsp_Z", "global_phase": 4.71238898038469, "metadata": {}}, "data": {"counts": {"0x0": 1333, "0x1": 191, "0x10": 189, "0x11": 124, "0x12": 83, "0x13": 92, "0x14": 127, "0x15": 104, "0x16": 158, "0x17": 107, "0x18": 222, "0x19": 123, "0x1a": 162, "0x1b": 95, "0x1c": 193, "0x1d": 93, "0x1e": 162, "0x1f": 99, "0x2": 415, "0x3": 293, "0x4": 990, "0x5": 230, "0x6": 987, "0x7": 272, "0x8": 315, "0x9": 89, "0xa": 216, "0xb": 124, "0xc": 260, "0xd": 98, "0xe": 163, "0xf": 83}, "snapshots": null, "memory": null, "statevector": null, "unitary": null}}, {"shots": 8192, "success": true, "status": "done", "seed": null, "meas_level": 2, "meas_return": null, "header": {"qubit_labels": [["q", 0], ["q", 1], ["q", 2], ["q", 3], ["q", 4], ["q", 5], ["q", 6]], "n_qubits": 7, "qreg_sizes": [["q", 7]], "clbit_labels": [["cr_anc", 0], ["cr", 0], ["cr", 1], ["cr", 2], ["cr", 3]], "memory_slots": 5, "creg_sizes": [["cr_anc", 1], ["cr", 4]], "name": "qc_dsp_Z", "global_phase": 3.141592653589793, "metadata": {}}, "data": {"counts": {"0x0": 1121, "0x1": 1299, "0x10": 185, "0x11": 163, "0x12": 68, "0x13": 37, "0x14": 171, "0x15": 137, "0x16": 37, "0x17": 53, "0x18": 115, "0x19": 75, "0x1a": 31, "0x1b": 29, "0x1c": 55, "0x1d": 110, "0x1e": 40, "0x1f": 27, "0x2": 435, "0x3": 254, "0x4": 942, "0x5": 1051, "0x6": 202, "0x7": 428, "0x8": 289, "0x9": 105, "0xa": 87, "0xb": 60, "0xc": 185, "0xd": 230, "0xe": 95, "0xf": 76}, "snapshots": null, "memory": null, "statevector": null, "unitary": null}}, {"shots": 8192, "success": true, "status": "done", "seed": null, "meas_level": 2, "meas_return": null, "header": {"qubit_labels": [["q", 0], ["q", 1], ["q", 2], ["q", 3], ["q", 4], ["q", 5], ["q", 6]], "n_qubits": 7, "qreg_sizes": [["q", 7]], "clbit_labels": [["cr_anc", 0], ["cr", 0], ["cr", 1], ["cr", 2], ["cr", 3]], "memory_slots": 5, "creg_sizes": [["cr_anc", 1], ["cr", 4]], "name": "qc_dsp_Z", "global_phase": 3.141592653589793, "metadata": {}}, "data": {"counts": {"0x0": 1193, "0x1": 556, "0x10": 133, "0x11": 172, "0x12": 56, "0x13": 63, "0x14": 76, "0x15": 83, "0x16": 82, "0x17": 65, "0x18": 191, "0x19": 96, "0x1a": 187, "0x1b": 112, "0x1c": 93, "0x1d": 74, "0x1e": 169, "0x1f": 113, "0x2": 282, "0x3": 215, "0x4": 418, "0x5": 381, "0x6": 680, "0x7": 341, "0x8": 453, "0x9": 289, "0xa": 346, "0xb": 297, "0xc": 239, "0xd": 175, "0xe": 306, "0xf": 256}, "snapshots": null, "memory": null, "statevector": null, "unitary": null}}, {"shots": 8192, "success": true, "status": "done", "seed": null, "meas_level": 2, "meas_return": null, "header": {"qubit_labels": [["q", 0], ["q", 1], ["q", 2], ["q", 3], ["q", 4], ["q", 5], ["q", 6]], "n_qubits": 7, "qreg_sizes": [["q", 7]], "clbit_labels": [["cr_anc", 0], ["cr", 0], ["cr", 1], ["cr", 2], ["cr", 3]], "memory_slots": 5, "creg_sizes": [["cr_anc", 1], ["cr", 4]], "name": "qc_dsp_Z", "global_phase": 3.141592653589793, "metadata": {}}, "data": {"counts": {"0x0": 854, "0x1": 373, "0x10": 222, "0x11": 567, "0x12": 192, "0x13": 258, "0x14": 168, "0x15": 276, "0x16": 318, "0x17": 410, "0x18": 190, "0x19": 311, "0x1a": 110, "0x1b": 136, "0x1c": 123, "0x1d": 157, "0x1e": 91, "0x1f": 148, "0x2": 228, "0x3": 195, "0x4": 574, "0x5": 185, "0x6": 532, "0x7": 347, "0x8": 282, "0x9": 90, "0xa": 183, "0xb": 106, "0xc": 206, "0xd": 95, "0xe": 186, "0xf": 79}, "snapshots": null, "memory": null, "statevector": null, "unitary": null}}, {"shots": 8192, "success": true, "status": "done", "seed": null, "meas_level": 2, "meas_return": null, "header": {"qubit_labels": [["q", 0], ["q", 1], ["q", 2], ["q", 3], ["q", 4], ["q", 5], ["q", 6]], "n_qubits": 7, "qreg_sizes": [["q", 7]], "clbit_labels": [["cr_anc", 0], ["cr", 0], ["cr", 1], ["cr", 2], ["cr", 3]], "memory_slots": 5, "creg_sizes": [["cr_anc", 1], ["cr", 4]], "name": "qc_dsp_Z", "global_phase": 1.5707963267948966, "metadata": {}}, "data": {"counts": {"0x0": 991, "0x1": 1133, "0x10": 226, "0x11": 163, "0x12": 99, "0x13": 50, "0x14": 209, "0x15": 150, "0x16": 39, "0x17": 83, "0x18": 174, "0x19": 82, "0x1a": 55, "0x1b": 52, "0x1c": 93, "0x1d": 122, "0x1e": 44, "0x1f": 50, "0x2": 375, "0x3": 317, "0x4": 854, "0x5": 950, "0x6": 191, "0x7": 556, "0x8": 302, "0x9": 113, "0xa": 90, "0xb": 101, "0xc": 152, "0xd": 169, "0xe": 104, "0xf": 103}, "snapshots": null, "memory": null, "statevector": null, "unitary": null}}, {"shots": 8192, "success": true, "status": "done", "seed": null, "meas_level": 2, "meas_return": null, "header": {"qubit_labels": [["q", 0], ["q", 1], ["q", 2], ["q", 3], ["q", 4], ["q", 5], ["q", 6]], "n_qubits": 7, "qreg_sizes": [["q", 7]], "clbit_labels": [["cr_anc", 0], ["cr", 0], ["cr", 1], ["cr", 2], ["cr", 3]], "memory_slots": 5, "creg_sizes": [["cr_anc", 1], ["cr", 4]], "name": "qc_dsp_Z", "global_phase": 1.5707963267948966, "metadata": {}}, "data": {"counts": {"0x0": 1648, "0x1": 438, "0x10": 350, "0x11": 79, "0x12": 115, "0x13": 81, "0x14": 112, "0x15": 118, "0x16": 117, "0x17": 84, "0x18": 111, "0x19": 101, "0x1a": 85, "0x1b": 68, "0x1c": 121, "0x1d": 60, "0x1e": 64, "0x1f": 47, "0x2": 423, "0x3": 280, "0x4": 375, "0x5": 583, "0x6": 540, "0x7": 393, "0x8": 235, "0x9": 273, "0xa": 229, "0xb": 247, "0xc": 240, "0xd": 150, "0xe": 209, "0xf": 216}, "snapshots": null, "memory": null, "statevector": null, "unitary": null}}, {"shots": 8192, "success": true, "status": "done", "seed": null, "meas_level": 2, "meas_return": null, "header": {"qubit_labels": [["q", 0], ["q", 1], ["q", 2], ["q", 3], ["q", 4], ["q", 5], ["q", 6]], "n_qubits": 7, "qreg_sizes": [["q", 7]], "clbit_labels": [["cr_anc", 0], ["cr", 0], ["cr", 1], ["cr", 2], ["cr", 3]], "memory_slots": 5, "creg_sizes": [["cr_anc", 1], ["cr", 4]], "name": "qc_dsp_Z", "global_phase": 1.5707963267948966, "metadata": {}}, "data": {"counts": {"0x0": 1590, "0x1": 293, "0x10": 360, "0x11": 110, "0x12": 116, "0x13": 94, "0x14": 213, "0x15": 87, "0x16": 154, "0x17": 107, "0x18": 129, "0x19": 147, "0x1a": 104, "0x1b": 85, "0x1c": 109, "0x1d": 95, "0x1e": 82, "0x1f": 72, "0x2": 368, "0x3": 240, "0x4": 776, "0x5": 265, "0x6": 738, "0x7": 351, "0x8": 177, "0x9": 245, "0xa": 173, "0xb": 151, "0xc": 185, "0xd": 153, "0xe": 225, "0xf": 198}, "snapshots": null, "memory": null, "statevector": null, "unitary": null}}, {"shots": 8192, "success": true, "status": "done", "seed": null, "meas_level": 2, "meas_return": null, "header": {"qubit_labels": [["q", 0], ["q", 1], ["q", 2], ["q", 3], ["q", 4], ["q", 5], ["q", 6]], "n_qubits": 7, "qreg_sizes": [["q", 7]], "clbit_labels": [["cr_anc", 0], ["cr", 0], ["cr", 1], ["cr", 2], ["cr", 3]], "memory_slots": 5, "creg_sizes": [["cr_anc", 1], ["cr", 4]], "name": "qc_dsp_Z", "global_phase": 1.5707963267948966, "metadata": {}}, "data": {"counts": {"0x0": 1415, "0x1": 176, "0x10": 266, "0x11": 134, "0x12": 112, "0x13": 95, "0x14": 215, "0x15": 108, "0x16": 164, "0x17": 96, "0x18": 254, "0x19": 123, "0x1a": 158, "0x1b": 114, "0x1c": 264, "0x1d": 94, "0x1e": 166, "0x1f": 90, "0x2": 356, "0x3": 256, "0x4": 886, "0x5": 181, "0x6": 719, "0x7": 285, "0x8": 357, "0x9": 101, "0xa": 192, "0xb": 133, "0xc": 335, "0xd": 87, "0xe": 161, "0xf": 99}, "snapshots": null, "memory": null, "statevector": null, "unitary": null}}, {"shots": 8192, "success": true, "status": "done", "seed": null, "meas_level": 2, "meas_return": null, "header": {"qubit_labels": [["q", 0], ["q", 1], ["q", 2], ["q", 3], ["q", 4], ["q", 5], ["q", 6]], "n_qubits": 7, "qreg_sizes": [["q", 7]], "clbit_labels": [["cr_anc", 0], ["cr", 0], ["cr", 1], ["cr", 2], ["cr", 3]], "memory_slots": 5, "creg_sizes": [["cr_anc", 1], ["cr", 4]], "name": "qc_dsp_Z", "global_phase": 0.0, "metadata": {}}, "data": {"counts": {"0x0": 987, "0x1": 1147, "0x10": 236, "0x11": 187, "0x12": 108, "0x13": 37, "0x14": 238, "0x15": 171, "0x16": 52, "0x17": 66, "0x18": 177, "0x19": 105, "0x1a": 50, "0x1b": 51, "0x1c": 84, "0x1d": 156, "0x1e": 41, "0x1f": 41, "0x2": 392, "0x3": 211, "0x4": 824, "0x5": 1042, "0x6": 193, "0x7": 430, "0x8": 281, "0x9": 149, "0xa": 116, "0xb": 83, "0xc": 157, "0xd": 191, "0xe": 93, "0xf": 96}, "snapshots": null, "memory": null, "statevector": null, "unitary": null}}, {"shots": 8192, "success": true, "status": "done", "seed": null, "meas_level": 2, "meas_return": null, "header": {"qubit_labels": [["q", 0], ["q", 1], ["q", 2], ["q", 3], ["q", 4], ["q", 5], ["q", 6]], "n_qubits": 7, "qreg_sizes": [["q", 7]], "clbit_labels": [["cr_anc", 0], ["cr", 0], ["cr", 1], ["cr", 2], ["cr", 3]], "memory_slots": 5, "creg_sizes": [["cr_anc", 1], ["cr", 4]], "name": "qc_dsp_Z", "global_phase": 0.0, "metadata": {}}, "data": {"counts": {"0x0": 1129, "0x1": 502, "0x10": 119, "0x11": 164, "0x12": 87, "0x13": 79, "0x14": 103, "0x15": 98, "0x16": 93, "0x17": 71, "0x18": 246, "0x19": 103, "0x1a": 166, "0x1b": 117, "0x1c": 137, "0x1d": 90, "0x1e": 164, "0x1f": 116, "0x2": 228, "0x3": 199, "0x4": 449, "0x5": 372, "0x6": 536, "0x7": 364, "0x8": 540, "0x9": 293, "0xa": 358, "0xb": 287, "0xc": 267, "0xd": 219, "0xe": 256, "0xf": 240}, "snapshots": null, "memory": null, "statevector": null, "unitary": null}}, {"shots": 8192, "success": true, "status": "done", "seed": null, "meas_level": 2, "meas_return": null, "header": {"qubit_labels": [["q", 0], ["q", 1], ["q", 2], ["q", 3], ["q", 4], ["q", 5], ["q", 6]], "n_qubits": 7, "qreg_sizes": [["q", 7]], "clbit_labels": [["cr_anc", 0], ["cr", 0], ["cr", 1], ["cr", 2], ["cr", 3]], "memory_slots": 5, "creg_sizes": [["cr_anc", 1], ["cr", 4]], "name": "qc_dsp_Z", "global_phase": 0.0, "metadata": {}}, "data": {"counts": {"0x0": 850, "0x1": 294, "0x10": 214, "0x11": 566, "0x12": 176, "0x13": 205, "0x14": 174, "0x15": 264, "0x16": 301, "0x17": 328, "0x18": 190, "0x19": 359, "0x1a": 147, "0x1b": 144, "0x1c": 139, "0x1d": 184, "0x1e": 96, "0x1f": 135, "0x2": 217, "0x3": 210, "0x4": 584, "0x5": 206, "0x6": 400, "0x7": 387, "0x8": 296, "0x9": 138, "0xa": 177, "0xb": 122, "0xc": 268, "0xd": 120, "0xe": 208, "0xf": 93}, "snapshots": null, "memory": null, "statevector": null, "unitary": null}}, {"shots": 8192, "success": true, "status": "done", "seed": null, "meas_level": 2, "meas_return": null, "header": {"qubit_labels": [["q", 0], ["q", 1], ["q", 2], ["q", 3], ["q", 4], ["q", 5], ["q", 6]], "n_qubits": 7, "qreg_sizes": [["q", 7]], "clbit_labels": [["cr_anc", 0], ["cr", 0], ["cr", 1], ["cr", 2], ["cr", 3]], "memory_slots": 5, "creg_sizes": [["cr_anc", 1], ["cr", 4]], "name": "qc_dsp_Z", "global_phase": 4.71238898038469, "metadata": {}}, "data": {"counts": {"0x0": 898, "0x1": 984, "0x10": 270, "0x11": 198, "0x12": 88, "0x13": 68, "0x14": 295, "0x15": 186, "0x16": 81, "0x17": 69, "0x18": 167, "0x19": 116, "0x1a": 68, "0x1b": 49, "0x1c": 96, "0x1d": 145, "0x1e": 49, "0x1f": 39, "0x2": 297, "0x3": 339, "0x4": 842, "0x5": 1054, "0x6": 234, "0x7": 346, "0x8": 289, "0x9": 106, "0xa": 121, "0xb": 105, "0xc": 194, "0xd": 213, "0xe": 95, "0xf": 91}, "snapshots": null, "memory": null, "statevector": null, "unitary": null}}, {"shots": 8192, "success": true, "status": "done", "seed": null, "meas_level": 2, "meas_return": null, "header": {"qubit_labels": [["q", 0], ["q", 1], ["q", 2], ["q", 3], ["q", 4], ["q", 5], ["q", 6]], "n_qubits": 7, "qreg_sizes": [["q", 7]], "clbit_labels": [["cr_anc", 0], ["cr", 0], ["cr", 1], ["cr", 2], ["cr", 3]], "memory_slots": 5, "creg_sizes": [["cr_anc", 1], ["cr", 4]], "name": "qc_dsp_Z", "global_phase": 4.71238898038469, "metadata": {}}, "data": {"counts": {"0x0": 1553, "0x1": 355, "0x10": 392, "0x11": 80, "0x12": 137, "0x13": 90, "0x14": 163, "0x15": 158, "0x16": 150, "0x17": 114, "0x18": 135, "0x19": 116, "0x1a": 83, "0x1b": 71, "0x1c": 140, "0x1d": 75, "0x1e": 73, "0x1f": 55, "0x2": 464, "0x3": 271, "0x4": 526, "0x5": 551, "0x6": 429, "0x7": 357, "0x8": 219, "0x9": 265, "0xa": 192, "0xb": 194, "0xc": 285, "0xd": 155, "0xe": 184, "0xf": 160}, "snapshots": null, "memory": null, "statevector": null, "unitary": null}}, {"shots": 8192, "success": true, "status": "done", "seed": null, "meas_level": 2, "meas_return": null, "header": {"qubit_labels": [["q", 0], ["q", 1], ["q", 2], ["q", 3], ["q", 4], ["q", 5], ["q", 6]], "n_qubits": 7, "qreg_sizes": [["q", 7]], "clbit_labels": [["cr_anc", 0], ["cr", 0], ["cr", 1], ["cr", 2], ["cr", 3]], "memory_slots": 5, "creg_sizes": [["cr_anc", 1], ["cr", 4]], "name": "qc_dsp_Z", "global_phase": 4.71238898038469, "metadata": {}}, "data": {"counts": {"0x0": 1404, "0x1": 237, "0x10": 391, "0x11": 118, "0x12": 124, "0x13": 104, "0x14": 218, "0x15": 83, "0x16": 186, "0x17": 146, "0x18": 161, "0x19": 128, "0x1a": 104, "0x1b": 82, "0x1c": 146, "0x1d": 139, "0x1e": 95, "0x1f": 83, "0x2": 369, "0x3": 274, "0x4": 894, "0x5": 236, "0x6": 616, "0x7": 348, "0x8": 171, "0x9": 258, "0xa": 181, "0xb": 140, "0xc": 174, "0xd": 205, "0xe": 202, "0xf": 175}, "snapshots": null, "memory": null, "statevector": null, "unitary": null}}, {"shots": 8192, "success": true, "status": "done", "seed": null, "meas_level": 2, "meas_return": null, "header": {"qubit_labels": [["q", 0], ["q", 1], ["q", 2], ["q", 3], ["q", 4], ["q", 5], ["q", 6]], "n_qubits": 7, "qreg_sizes": [["q", 7]], "clbit_labels": [["cr_anc", 0], ["cr", 0], ["cr", 1], ["cr", 2], ["cr", 3]], "memory_slots": 5, "creg_sizes": [["cr_anc", 1], ["cr", 4]], "name": "qc_dsp_Z", "global_phase": 4.71238898038469, "metadata": {}}, "data": {"counts": {"0x0": 1296, "0x1": 146, "0x10": 289, "0x11": 147, "0x12": 109, "0x13": 100, "0x14": 244, "0x15": 94, "0x16": 142, "0x17": 101, "0x18": 290, "0x19": 105, "0x1a": 185, "0x1b": 93, "0x1c": 304, "0x1d": 90, "0x1e": 202, "0x1f": 104, "0x2": 388, "0x3": 237, "0x4": 1015, "0x5": 172, "0x6": 592, "0x7": 305, "0x8": 305, "0x9": 69, "0xa": 168, "0xb": 143, "0xc": 381, "0xd": 98, "0xe": 170, "0xf": 108}, "snapshots": null, "memory": null, "statevector": null, "unitary": null}}, {"shots": 8192, "success": true, "status": "done", "seed": null, "meas_level": 2, "meas_return": null, "header": {"qubit_labels": [["q", 0], ["q", 1], ["q", 2], ["q", 3], ["q", 4], ["q", 5], ["q", 6]], "n_qubits": 7, "qreg_sizes": [["q", 7]], "clbit_labels": [["cr_anc", 0], ["cr", 0], ["cr", 1], ["cr", 2], ["cr", 3]], "memory_slots": 5, "creg_sizes": [["cr_anc", 1], ["cr", 4]], "name": "qc_dsp_Z", "global_phase": 3.141592653589793, "metadata": {}}, "data": {"counts": {"0x0": 977, "0x1": 975, "0x10": 296, "0x11": 203, "0x12": 110, "0x13": 60, "0x14": 279, "0x15": 209, "0x16": 69, "0x17": 54, "0x18": 169, "0x19": 114, "0x1a": 68, "0x1b": 32, "0x1c": 113, "0x1d": 172, "0x1e": 59, "0x1f": 41, "0x2": 335, "0x3": 215, "0x4": 778, "0x5": 1102, "0x6": 242, "0x7": 302, "0x8": 289, "0x9": 137, "0xa": 115, "0xb": 81, "0xc": 167, "0xd": 254, "0xe": 95, "0xf": 80}, "snapshots": null, "memory": null, "statevector": null, "unitary": null}}, {"shots": 8192, "success": true, "status": "done", "seed": null, "meas_level": 2, "meas_return": null, "header": {"qubit_labels": [["q", 0], ["q", 1], ["q", 2], ["q", 3], ["q", 4], ["q", 5], ["q", 6]], "n_qubits": 7, "qreg_sizes": [["q", 7]], "clbit_labels": [["cr_anc", 0], ["cr", 0], ["cr", 1], ["cr", 2], ["cr", 3]], "memory_slots": 5, "creg_sizes": [["cr_anc", 1], ["cr", 4]], "name": "qc_dsp_Z", "global_phase": 3.141592653589793, "metadata": {}}, "data": {"counts": {"0x0": 1028, "0x1": 416, "0x10": 184, "0x11": 180, "0x12": 81, "0x13": 75, "0x14": 119, "0x15": 104, "0x16": 89, "0x17": 82, "0x18": 333, "0x19": 121, "0x1a": 191, "0x1b": 161, "0x1c": 207, "0x1d": 113, "0x1e": 171, "0x1f": 137, "0x2": 243, "0x3": 208, "0x4": 561, "0x5": 395, "0x6": 419, "0x7": 333, "0x8": 407, "0x9": 302, "0xa": 329, "0xb": 240, "0xc": 294, "0xd": 219, "0xe": 253, "0xf": 197}, "snapshots": null, "memory": null, "statevector": null, "unitary": null}}, {"shots": 8192, "success": true, "status": "done", "seed": null, "meas_level": 2, "meas_return": null, "header": {"qubit_labels": [["q", 0], ["q", 1], ["q", 2], ["q", 3], ["q", 4], ["q", 5], ["q", 6]], "n_qubits": 7, "qreg_sizes": [["q", 7]], "clbit_labels": [["cr_anc", 0], ["cr", 0], ["cr", 1], ["cr", 2], ["cr", 3]], "memory_slots": 5, "creg_sizes": [["cr_anc", 1], ["cr", 4]], "name": "qc_dsp_Z", "global_phase": 3.141592653589793, "metadata": {}}, "data": {"counts": {"0x0": 802, "0x1": 298, "0x10": 225, "0x11": 602, "0x12": 179, "0x13": 215, "0x14": 183, "0x15": 320, "0x16": 308, "0x17": 297, "0x18": 186, "0x19": 365, "0x1a": 145, "0x1b": 108, "0x1c": 174, "0x1d": 249, "0x1e": 121, "0x1f": 121, "0x2": 191, "0x3": 228, "0x4": 674, "0x5": 197, "0x6": 326, "0x7": 328, "0x8": 292, "0x9": 113, "0xa": 147, "0xb": 123, "0xc": 320, "0xd": 106, "0xe": 152, "0xf": 97}, "snapshots": null, "memory": null, "statevector": null, "unitary": null}}], "error": null}