{"backend_name": "ibmq_jakarta", "backend_version": "1.2.7", "qobj_id": "033cde10-804c-4f2d-9511-cd5a023d1bdd", "job_id": "64088652a6f4d2a48e800dd3", "date": "2023-03-08T13:00:07Z", "success": true, "status": "Successful completion", "execution_id": "f9237fe2-bdb0-11ed-8775-bc97e15b08d0", "time_taken": 76.21525621414185, "header": {"backend_name": "ibmq_jakarta", "backend_version": "1.2.7"}, "results": [{"shots": 8192, "success": true, "status": "done", "seed": null, "meas_level": 2, "meas_return": null, "header": {"qubit_labels": [["q", 0], ["q", 1], ["q", 2], ["q", 3], ["q", 4], ["q", 5], ["q", 6]], "n_qubits": 7, "qreg_sizes": [["q", 7]], "clbit_labels": [["c0", 0], ["c0", 1], ["c0", 2], ["c0", 3], ["c0", 4]], "memory_slots": 5, "creg_sizes": [["c0", 5]], "name": "mcalcal_00000", "global_phase": 0.0, "metadata": {}}, "data": {"counts": {"0x0": 7676, "0x1": 53, "0x10": 234, "0x11": 1, "0x12": 1, "0x14": 2, "0x2": 78, "0x4": 70, "0x5": 2, "0x6": 1, "0x8": 69, "0x9": 2, "0xc": 3}, "snapshots": null, "memory": null, "statevector": null, "unitary": null}}, {"shots": 8192, "success": true, "status": "done", "seed": null, "meas_level": 2, "meas_return": null, "header": {"qubit_labels": [["q", 0], ["q", 1], ["q", 2], ["q", 3], ["q", 4], ["q", 5], ["q", 6]], "n_qubits": 7, "qreg_sizes": [["q", 7]], "clbit_labels": [["c0", 0], ["c0", 1], ["c0", 2], ["c0", 3], ["c0", 4]], "memory_slots": 5, "creg_sizes": [["c0", 5]], "name": "mcalcal_00001", "global_phase": 0.0, "metadata": {}}, "data": {"counts": {"0x0": 198, "0x1": 7586, "0x10": 4, "0x11": 220, "0x2": 1, "0x3": 60, "0x4": 1, "0x5": 38, "0x9": 82, "0xa": 1, "0xb": 1}, "snapshots": null, "memory": null, "statevector": null, "unitary": null}}, {"shots": 8192, "success": true, "status": "done", "seed": null, "meas_level": 2, "meas_return": null, "header": {"qubit_labels": [["q", 0], ["q", 1], ["q", 2], ["q", 3], ["q", 4], ["q", 5], ["q", 6]], "n_qubits": 7, "qreg_sizes": [["q", 7]], "clbit_labels": [["c0", 0], ["c0", 1], ["c0", 2], ["c0", 3], ["c0", 4]], "memory_slots": 5, "creg_sizes": [["c0", 5]], "name": "mcalcal_00010", "global_phase": 0.0, "metadata": {}}, "data": {"counts": {"0x0": 257, "0x1": 3, "0x10": 11, "0x12": 215, "0x13": 1, "0x16": 2, "0x1a": 2, "0x2": 7547, "0x3": 52, "0x6": 26, "0x8": 2, "0xa": 73, "0xb": 1}, "snapshots": null, "memory": null, "statevector": null, "unitary": null}}, {"shots": 8192, "success": true, "status": "done", "seed": null, "meas_level": 2, "meas_return": null, "header": {"qubit_labels": [["q", 0], ["q", 1], ["q", 2], ["q", 3], ["q", 4], ["q", 5], ["q", 6]], "n_qubits": 7, "qreg_sizes": [["q", 7]], "clbit_labels": [["c0", 0], ["c0", 1], ["c0", 2], ["c0", 3], ["c0", 4]], "memory_slots": 5, "creg_sizes": [["c0", 5]], "name": "mcalcal_00011", "global_phase": 0.0, "metadata": {}}, "data": {"counts": {"0x0": 7, "0x1": 228, "0x10": 1, "0x11": 4, "0x12": 2, "0x13": 196, "0x17": 3, "0x1b": 2, "0x2": 225, "0x3": 7407, "0x5": 1, "0x6": 5, "0x7": 32, "0x8": 1, "0x9": 4, "0xa": 2, "0xb": 72}, "snapshots": null, "memory": null, "statevector": null, "unitary": null}}, {"shots": 8192, "success": true, "status": "done", "seed": null, "meas_level": 2, "meas_return": null, "header": {"qubit_labels": [["q", 0], ["q", 1], ["q", 2], ["q", 3], ["q", 4], ["q", 5], ["q", 6]], "n_qubits": 7, "qreg_sizes": [["q", 7]], "clbit_labels": [["c0", 0], ["c0", 1], ["c0", 2], ["c0", 3], ["c0", 4]], "memory_slots": 5, "creg_sizes": [["c0", 5]], "name": "mcalcal_00100", "global_phase": 0.0, "metadata": {}}, "data": {"counts": {"0x0": 397, "0x1": 6, "0x10": 7, "0x14": 214, "0x15": 1, "0x16": 1, "0x1c": 4, "0x2": 1, "0x4": 7355, "0x5": 56, "0x6": 80, "0x8": 3, "0x9": 1, "0xc": 66}, "snapshots": null, "memory": null, "statevector": null, "unitary": null}}, {"shots": 8192, "success": true, "status": "done", "seed": null, "meas_level": 2, "meas_return": null, "header": {"qubit_labels": [["q", 0], ["q", 1], ["q", 2], ["q", 3], ["q", 4], ["q", 5], ["q", 6]], "n_qubits": 7, "qreg_sizes": [["q", 7]], "clbit_labels": [["c0", 0], ["c0", 1], ["c0", 2], ["c0", 3], ["c0", 4]], "memory_slots": 5, "creg_sizes": [["c0", 5]], "name": "mcalcal_00101", "global_phase": 0.0, "metadata": {}}, "data": {"counts": {"0x0": 5, "0x1": 412, "0x11": 17, "0x14": 5, "0x15": 208, "0x17": 2, "0x1d": 2, "0x3": 1, "0x4": 206, "0x5": 7212, "0x7": 45, "0x9": 6, "0xc": 1, "0xd": 70}, "snapshots": null, "memory": null, "statevector": null, "unitary": null}}, {"shots": 8192, "success": true, "status": "done", "seed": null, "meas_level": 2, "meas_return": null, "header": {"qubit_labels": [["q", 0], ["q", 1], ["q", 2], ["q", 3], ["q", 4], ["q", 5], ["q", 6]], "n_qubits": 7, "qreg_sizes": [["q", 7]], "clbit_labels": [["c0", 0], ["c0", 1], ["c0", 2], ["c0", 3], ["c0", 4]], "memory_slots": 5, "creg_sizes": [["c0", 5]], "name": "mcalcal_00110", "global_phase": 0.0, "metadata": {}}, "data": {"counts": {"0x0": 16, "0x10": 2, "0x12": 13, "0x14": 7, "0x16": 190, "0x17": 2, "0x18": 1, "0x1e": 1, "0x2": 374, "0x3": 3, "0x4": 225, "0x6": 7228, "0x7": 51, "0xa": 2, "0xc": 1, "0xe": 75, "0xf": 1}, "snapshots": null, "memory": null, "statevector": null, "unitary": null}}, {"shots": 8192, "success": true, "status": "done", "seed": null, "meas_level": 2, "meas_return": null, "header": {"qubit_labels": [["q", 0], ["q", 1], ["q", 2], ["q", 3], ["q", 4], ["q", 5], ["q", 6]], "n_qubits": 7, "qreg_sizes": [["q", 7]], "clbit_labels": [["c0", 0], ["c0", 1], ["c0", 2], ["c0", 3], ["c0", 4]], "memory_slots": 5, "creg_sizes": [["c0", 5]], "name": "mcalcal_00111", "global_phase": 0.0, "metadata": {}}, "data": {"counts": {"0x0": 1, "0x1": 12, "0x12": 1, "0x13": 13, "0x15": 7, "0x16": 5, "0x17": 199, "0x1d": 1, "0x1f": 3, "0x2": 12, "0x3": 369, "0x4": 7, "0x5": 223, "0x6": 209, "0x7": 7053, "0xb": 4, "0xd": 3, "0xf": 70}, "snapshots": null, "memory": null, "statevector": null, "unitary": null}}, {"shots": 8192, "success": true, "status": "done", "seed": null, "meas_level": 2, "meas_return": null, "header": {"qubit_labels": [["q", 0], ["q", 1], ["q", 2], ["q", 3], ["q", 4], ["q", 5], ["q", 6]], "n_qubits": 7, "qreg_sizes": [["q", 7]], "clbit_labels": [["c0", 0], ["c0", 1], ["c0", 2], ["c0", 3], ["c0", 4]], "memory_slots": 5, "creg_sizes": [["c0", 5]], "name": "mcalcal_01000", "global_phase": 0.0, "metadata": {}}, "data": {"counts": {"0x0": 319, "0x1": 3, "0x10": 17, "0x18": 215, "0x19": 1, "0x1a": 1, "0x1c": 2, "0x2": 3, "0x4": 4, "0x8": 7458, "0x9": 46, "0xa": 63, "0xb": 1, "0xc": 58, "0xe": 1}, "snapshots": null, "memory": null, "statevector": null, "unitary": null}}, {"shots": 8192, "success": true, "status": "done", "seed": null, "meas_level": 2, "meas_return": null, "header": {"qubit_labels": [["q", 0], ["q", 1], ["q", 2], ["q", 3], ["q", 4], ["q", 5], ["q", 6]], "n_qubits": 7, "qreg_sizes": [["q", 7]], "clbit_labels": [["c0", 0], ["c0", 1], ["c0", 2], ["c0", 3], ["c0", 4]], "memory_slots": 5, "creg_sizes": [["c0", 5]], "name": "mcalcal_01001", "global_phase": 0.0, "metadata": {}}, "data": {"counts": {"0x0": 13, "0x1": 281, "0x11": 9, "0x18": 12, "0x19": 211, "0x1b": 1, "0x1d": 3, "0x3": 2, "0x5": 4, "0x8": 219, "0x9": 7344, "0xb": 58, "0xc": 4, "0xd": 31}, "snapshots": null, "memory": null, "statevector": null, "unitary": null}}, {"shots": 8192, "success": true, "status": "done", "seed": null, "meas_level": 2, "meas_return": null, "header": {"qubit_labels": [["q", 0], ["q", 1], ["q", 2], ["q", 3], ["q", 4], ["q", 5], ["q", 6]], "n_qubits": 7, "qreg_sizes": [["q", 7]], "clbit_labels": [["c0", 0], ["c0", 1], ["c0", 2], ["c0", 3], ["c0", 4]], "memory_slots": 5, "creg_sizes": [["c0", 5]], "name": "mcalcal_01010", "global_phase": 0.0, "metadata": {}}, "data": {"counts": {"0x0": 5, "0x12": 7, "0x18": 7, "0x1a": 195, "0x1b": 2, "0x2": 314, "0x3": 2, "0x6": 1, "0x8": 229, "0x9": 2, "0xa": 7351, "0xb": 39, "0xe": 37, "0xf": 1}, "snapshots": null, "memory": null, "statevector": null, "unitary": null}}, {"shots": 8192, "success": true, "status": "done", "seed": null, "meas_level": 2, "meas_return": null, "header": {"qubit_labels": [["q", 0], ["q", 1], ["q", 2], ["q", 3], ["q", 4], ["q", 5], ["q", 6]], "n_qubits": 7, "qreg_sizes": [["q", 7]], "clbit_labels": [["c0", 0], ["c0", 1], ["c0", 2], ["c0", 3], ["c0", 4]], "memory_slots": 5, "creg_sizes": [["c0", 5]], "name": "mcalcal_01011", "global_phase": 0.0, "metadata": {}}, "data": {"counts": {"0x1": 14, "0x12": 1, "0x13": 8, "0x19": 8, "0x1a": 5, "0x1b": 200, "0x1f": 2, "0x2": 8, "0x3": 323, "0x7": 3, "0x8": 10, "0x9": 206, "0xa": 183, "0xb": 7188, "0xd": 4, "0xe": 1, "0xf": 28}, "snapshots": null, "memory": null, "statevector": null, "unitary": null}}, {"shots": 8192, "success": true, "status": "done", "seed": null, "meas_level": 2, "meas_return": null, "header": {"qubit_labels": [["q", 0], ["q", 1], ["q", 2], ["q", 3], ["q", 4], ["q", 5], ["q", 6]], "n_qubits": 7, "qreg_sizes": [["q", 7]], "clbit_labels": [["c0", 0], ["c0", 1], ["c0", 2], ["c0", 3], ["c0", 4]], "memory_slots": 5, "creg_sizes": [["c0", 5]], "name": "mcalcal_01100", "global_phase": 0.0, "metadata": {}}, "data": {"counts": {"0x0": 13, "0x10": 1, "0x14": 8, "0x18": 8, "0x1c": 222, "0x1e": 2, "0x4": 290, "0x6": 2, "0x8": 406, "0x9": 4, "0xa": 3, "0xc": 7116, "0xd": 55, "0xe": 62}, "snapshots": null, "memory": null, "statevector": null, "unitary": null}}, {"shots": 8192, "success": true, "status": "done", "seed": null, "meas_level": 2, "meas_return": null, "header": {"qubit_labels": [["q", 0], ["q", 1], ["q", 2], ["q", 3], ["q", 4], ["q", 5], ["q", 6]], "n_qubits": 7, "qreg_sizes": [["q", 7]], "clbit_labels": [["c0", 0], ["c0", 1], ["c0", 2], ["c0", 3], ["c0", 4]], "memory_slots": 5, "creg_sizes": [["c0", 5]], "name": "mcalcal_01101", "global_phase": 0.0, "metadata": {}}, "data": {"counts": {"0x1": 9, "0x14": 1, "0x15": 7, "0x17": 1, "0x19": 12, "0x1c": 2, "0x1d": 188, "0x1f": 1, "0x4": 11, "0x5": 296, "0x7": 2, "0x8": 13, "0x9": 383, "0xb": 4, "0xc": 234, "0xd": 6976, "0xe": 1, "0xf": 51}, "snapshots": null, "memory": null, "statevector": null, "unitary": null}}, {"shots": 8192, "success": true, "status": "done", "seed": null, "meas_level": 2, "meas_return": null, "header": {"qubit_labels": [["q", 0], ["q", 1], ["q", 2], ["q", 3], ["q", 4], ["q", 5], ["q", 6]], "n_qubits": 7, "qreg_sizes": [["q", 7]], "clbit_labels": [["c0", 0], ["c0", 1], ["c0", 2], ["c0", 3], ["c0", 4]], "memory_slots": 5, "creg_sizes": [["c0", 5]], "name": "mcalcal_01110", "global_phase": 0.0, "metadata": {}}, "data": {"counts": {"0x0": 1, "0x16": 11, "0x1a": 8, "0x1c": 8, "0x1e": 184, "0x1f": 2, "0x2": 21, "0x4": 6, "0x6": 297, "0x7": 1, "0x8": 13, "0xa": 360, "0xb": 2, "0xc": 192, "0xd": 3, "0xe": 7035, "0xf": 48}, "snapshots": null, "memory": null, "statevector": null, "unitary": null}}, {"shots": 8192, "success": true, "status": "done", "seed": null, "meas_level": 2, "meas_return": null, "header": {"qubit_labels": [["q", 0], ["q", 1], ["q", 2], ["q", 3], ["q", 4], ["q", 5], ["q", 6]], "n_qubits": 7, "qreg_sizes": [["q", 7]], "clbit_labels": [["c0", 0], ["c0", 1], ["c0", 2], ["c0", 3], ["c0", 4]], "memory_slots": 5, "creg_sizes": [["c0", 5]], "name": "mcalcal_01111", "global_phase": 0.0, "metadata": {}}, "data": {"counts": {"0x1": 1, "0x17": 6, "0x1a": 1, "0x1b": 9, "0x1c": 2, "0x1d": 7, "0x1e": 7, "0x1f": 191, "0x2": 1, "0x3": 10, "0x5": 6, "0x6": 10, "0x7": 302, "0x9": 11, "0xa": 10, "0xb": 344, "0xc": 6, "0xd": 237, "0xe": 214, "0xf": 6817}, "snapshots": null, "memory": null, "statevector": null, "unitary": null}}, {"shots": 8192, "success": true, "status": "done", "seed": null, "meas_level": 2, "meas_return": null, "header": {"qubit_labels": [["q", 0], ["q", 1], ["q", 2], ["q", 3], ["q", 4], ["q", 5], ["q", 6]], "n_qubits": 7, "qreg_sizes": [["q", 7]], "clbit_labels": [["c0", 0], ["c0", 1], ["c0", 2], ["c0", 3], ["c0", 4]], "memory_slots": 5, "creg_sizes": [["c0", 5]], "name": "mcalcal_10000", "global_phase": 0.0, "metadata": {}}, "data": {"counts": {"0x0": 467, "0x1": 1, "0x10": 7468, "0x11": 53, "0x12": 64, "0x14": 40, "0x15": 1, "0x18": 84, "0x19": 1, "0x1c": 1, "0x2": 3, "0x4": 5, "0x8": 4}, "snapshots": null, "memory": null, "statevector": null, "unitary": null}}, {"shots": 8192, "success": true, "status": "done", "seed": null, "meas_level": 2, "meas_return": null, "header": {"qubit_labels": [["q", 0], ["q", 1], ["q", 2], ["q", 3], ["q", 4], ["q", 5], ["q", 6]], "n_qubits": 7, "qreg_sizes": [["q", 7]], "clbit_labels": [["c0", 0], ["c0", 1], ["c0", 2], ["c0", 3], ["c0", 4]], "memory_slots": 5, "creg_sizes": [["c0", 5]], "name": "mcalcal_10001", "global_phase": 0.0, "metadata": {}}, "data": {"counts": {"0x0": 16, "0x1": 464, "0x10": 212, "0x11": 7329, "0x13": 53, "0x14": 3, "0x15": 43, "0x17": 1, "0x18": 2, "0x19": 59, "0x1d": 1, "0x3": 3, "0x4": 1, "0x5": 1, "0x9": 4}, "snapshots": null, "memory": null, "statevector": null, "unitary": null}}, {"shots": 8192, "success": true, "status": "done", "seed": null, "meas_level": 2, "meas_return": null, "header": {"qubit_labels": [["q", 0], ["q", 1], ["q", 2], ["q", 3], ["q", 4], ["q", 5], ["q", 6]], "n_qubits": 7, "qreg_sizes": [["q", 7]], "clbit_labels": [["c0", 0], ["c0", 1], ["c0", 2], ["c0", 3], ["c0", 4]], "memory_slots": 5, "creg_sizes": [["c0", 5]], "name": "mcalcal_10010", "global_phase": 0.0, "metadata": {}}, "data": {"counts": {"0x0": 22, "0x10": 207, "0x11": 1, "0x12": 7321, "0x13": 53, "0x14": 3, "0x16": 26, "0x18": 3, "0x1a": 87, "0x2": 461, "0x3": 4, "0x6": 1, "0xa": 3}, "snapshots": null, "memory": null, "statevector": null, "unitary": null}}, {"shots": 8192, "success": true, "status": "done", "seed": null, "meas_level": 2, "meas_return": null, "header": {"qubit_labels": [["q", 0], ["q", 1], ["q", 2], ["q", 3], ["q", 4], ["q", 5], ["q", 6]], "n_qubits": 7, "qreg_sizes": [["q", 7]], "clbit_labels": [["c0", 0], ["c0", 1], ["c0", 2], ["c0", 3], ["c0", 4]], "memory_slots": 5, "creg_sizes": [["c0", 5]], "name": "mcalcal_10011", "global_phase": 0.0, "metadata": {}}, "data": {"counts": {"0x1": 12, "0x10": 8, "0x11": 235, "0x12": 214, "0x13": 7140, "0x15": 1, "0x16": 2, "0x17": 43, "0x19": 1, "0x1a": 3, "0x1b": 78, "0x1f": 2, "0x2": 8, "0x3": 437, "0x7": 2, "0xb": 6}, "snapshots": null, "memory": null, "statevector": null, "unitary": null}}, {"shots": 8192, "success": true, "status": "done", "seed": null, "meas_level": 2, "meas_return": null, "header": {"qubit_labels": [["q", 0], ["q", 1], ["q", 2], ["q", 3], ["q", 4], ["q", 5], ["q", 6]], "n_qubits": 7, "qreg_sizes": [["q", 7]], "clbit_labels": [["c0", 0], ["c0", 1], ["c0", 2], ["c0", 3], ["c0", 4]], "memory_slots": 5, "creg_sizes": [["c0", 5]], "name": "mcalcal_10100", "global_phase": 0.0, "metadata": {}}, "data": {"counts": {"0x0": 23, "0x10": 358, "0x11": 5, "0x12": 5, "0x14": 7181, "0x15": 56, "0x16": 65, "0x17": 2, "0x18": 3, "0x1c": 69, "0x1d": 1, "0x4": 410, "0x5": 5, "0x6": 4, "0xc": 5}, "snapshots": null, "memory": null, "statevector": null, "unitary": null}}, {"shots": 8192, "success": true, "status": "done", "seed": null, "meas_level": 2, "meas_return": null, "header": {"qubit_labels": [["q", 0], ["q", 1], ["q", 2], ["q", 3], ["q", 4], ["q", 5], ["q", 6]], "n_qubits": 7, "qreg_sizes": [["q", 7]], "clbit_labels": [["c0", 0], ["c0", 1], ["c0", 2], ["c0", 3], ["c0", 4]], "memory_slots": 5, "creg_sizes": [["c0", 5]], "name": "mcalcal_10101", "global_phase": 0.0, "metadata": {}}, "data": {"counts": {"0x1": 21, "0x10": 17, "0x11": 347, "0x12": 1, "0x13": 2, "0x14": 209, "0x15": 7036, "0x17": 45, "0x19": 2, "0x1c": 2, "0x1d": 76, "0x4": 7, "0x5": 420, "0x7": 3, "0xd": 4}, "snapshots": null, "memory": null, "statevector": null, "unitary": null}}, {"shots": 8192, "success": true, "status": "done", "seed": null, "meas_level": 2, "meas_return": null, "header": {"qubit_labels": [["q", 0], ["q", 1], ["q", 2], ["q", 3], ["q", 4], ["q", 5], ["q", 6]], "n_qubits": 7, "qreg_sizes": [["q", 7]], "clbit_labels": [["c0", 0], ["c0", 1], ["c0", 2], ["c0", 3], ["c0", 4]], "memory_slots": 5, "creg_sizes": [["c0", 5]], "name": "mcalcal_10110", "global_phase": 0.0, "metadata": {}}, "data": {"counts": {"0x0": 1, "0x10": 9, "0x12": 391, "0x13": 2, "0x14": 216, "0x15": 1, "0x16": 6978, "0x17": 49, "0x1a": 1, "0x1c": 5, "0x1e": 79, "0x1f": 2, "0x2": 18, "0x4": 10, "0x6": 422, "0x7": 4, "0xe": 4}, "snapshots": null, "memory": null, "statevector": null, "unitary": null}}, {"shots": 8192, "success": true, "status": "done", "seed": null, "meas_level": 2, "meas_return": null, "header": {"qubit_labels": [["q", 0], ["q", 1], ["q", 2], ["q", 3], ["q", 4], ["q", 5], ["q", 6]], "n_qubits": 7, "qreg_sizes": [["q", 7]], "clbit_labels": [["c0", 0], ["c0", 1], ["c0", 2], ["c0", 3], ["c0", 4]], "memory_slots": 5, "creg_sizes": [["c0", 5]], "name": "mcalcal_10111", "global_phase": 0.0, "metadata": {}}, "data": {"counts": {"0x1": 1, "0x11": 14, "0x12": 10, "0x13": 358, "0x14": 6, "0x15": 194, "0x16": 197, "0x17": 6885, "0x1b": 1, "0x1d": 1, "0x1e": 4, "0x1f": 62, "0x2": 2, "0x3": 28, "0x5": 18, "0x6": 14, "0x7": 395, "0xf": 2}, "snapshots": null, "memory": null, "statevector": null, "unitary": null}}, {"shots": 8192, "success": true, "status": "done", "seed": null, "meas_level": 2, "meas_return": null, "header": {"qubit_labels": [["q", 0], ["q", 1], ["q", 2], ["q", 3], ["q", 4], ["q", 5], ["q", 6]], "n_qubits": 7, "qreg_sizes": [["q", 7]], "clbit_labels": [["c0", 0], ["c0", 1], ["c0", 2], ["c0", 3], ["c0", 4]], "memory_slots": 5, "creg_sizes": [["c0", 5]], "name": "mcalcal_11000", "global_phase": 0.0, "metadata": {}}, "data": {"counts": {"0x0": 14, "0x10": 306, "0x11": 2, "0x12": 4, "0x14": 3, "0x18": 7246, "0x19": 43, "0x1a": 64, "0x1b": 1, "0x1c": 42, "0x8": 458, "0x9": 1, "0xa": 7, "0xc": 1}, "snapshots": null, "memory": null, "statevector": null, "unitary": null}}, {"shots": 8192, "success": true, "status": "done", "seed": null, "meas_level": 2, "meas_return": null, "header": {"qubit_labels": [["q", 0], ["q", 1], ["q", 2], ["q", 3], ["q", 4], ["q", 5], ["q", 6]], "n_qubits": 7, "qreg_sizes": [["q", 7]], "clbit_labels": [["c0", 0], ["c0", 1], ["c0", 2], ["c0", 3], ["c0", 4]], "memory_slots": 5, "creg_sizes": [["c0", 5]], "name": "mcalcal_11001", "global_phase": 0.0, "metadata": {}}, "data": {"counts": {"0x0": 1, "0x1": 18, "0x10": 8, "0x11": 298, "0x13": 2, "0x15": 6, "0x18": 205, "0x19": 7082, "0x1a": 3, "0x1b": 65, "0x1d": 24, "0x1f": 1, "0x3": 1, "0x5": 1, "0x8": 12, "0x9": 460, "0xb": 2, "0xc": 1, "0xd": 1, "0xf": 1}, "snapshots": null, "memory": null, "statevector": null, "unitary": null}}, {"shots": 8192, "success": true, "status": "done", "seed": null, "meas_level": 2, "meas_return": null, "header": {"qubit_labels": [["q", 0], ["q", 1], ["q", 2], ["q", 3], ["q", 4], ["q", 5], ["q", 6]], "n_qubits": 7, "qreg_sizes": [["q", 7]], "clbit_labels": [["c0", 0], ["c0", 1], ["c0", 2], ["c0", 3], ["c0", 4]], "memory_slots": 5, "creg_sizes": [["c0", 5]], "name": "mcalcal_11010", "global_phase": 0.0, "metadata": {}}, "data": {"counts": {"0x10": 6, "0x12": 302, "0x13": 1, "0x16": 2, "0x18": 220, "0x19": 2, "0x1a": 7140, "0x1b": 44, "0x1e": 33, "0x2": 18, "0x6": 1, "0x8": 12, "0xa": 409, "0xb": 2}, "snapshots": null, "memory": null, "statevector": null, "unitary": null}}, {"shots": 8192, "success": true, "status": "done", "seed": null, "meas_level": 2, "meas_return": null, "header": {"qubit_labels": [["q", 0], ["q", 1], ["q", 2], ["q", 3], ["q", 4], ["q", 5], ["q", 6]], "n_qubits": 7, "qreg_sizes": [["q", 7]], "clbit_labels": [["c0", 0], ["c0", 1], ["c0", 2], ["c0", 3], ["c0", 4]], "memory_slots": 5, "creg_sizes": [["c0", 5]], "name": "mcalcal_11011", "global_phase": 0.0, "metadata": {}}, "data": {"counts": {"0x10": 3, "0x11": 11, "0x12": 6, "0x13": 313, "0x17": 4, "0x18": 5, "0x19": 207, "0x1a": 222, "0x1b": 6946, "0x1d": 1, "0x1e": 4, "0x1f": 34, "0x3": 21, "0x8": 3, "0x9": 10, "0xa": 15, "0xb": 385, "0xf": 2}, "snapshots": null, "memory": null, "statevector": null, "unitary": null}}, {"shots": 8192, "success": true, "status": "done", "seed": null, "meas_level": 2, "meas_return": null, "header": {"qubit_labels": [["q", 0], ["q", 1], ["q", 2], ["q", 3], ["q", 4], ["q", 5], ["q", 6]], "n_qubits": 7, "qreg_sizes": [["q", 7]], "clbit_labels": [["c0", 0], ["c0", 1], ["c0", 2], ["c0", 3], ["c0", 4]], "memory_slots": 5, "creg_sizes": [["c0", 5]], "name": "mcalcal_11100", "global_phase": 0.0, "metadata": {}}, "data": {"counts": {"0x0": 1, "0x10": 12, "0x14": 273, "0x15": 2, "0x16": 2, "0x18": 392, "0x19": 2, "0x1a": 2, "0x1c": 6926, "0x1d": 50, "0x1e": 68, "0x1f": 1, "0x2": 1, "0x4": 15, "0x5": 1, "0x8": 16, "0xc": 424, "0xd": 2, "0xe": 2}, "snapshots": null, "memory": null, "statevector": null, "unitary": null}}, {"shots": 8192, "success": true, "status": "done", "seed": null, "meas_level": 2, "meas_return": null, "header": {"qubit_labels": [["q", 0], ["q", 1], ["q", 2], ["q", 3], ["q", 4], ["q", 5], ["q", 6]], "n_qubits": 7, "qreg_sizes": [["q", 7]], "clbit_labels": [["c0", 0], ["c0", 1], ["c0", 2], ["c0", 3], ["c0", 4]], "memory_slots": 5, "creg_sizes": [["c0", 5]], "name": "mcalcal_11101", "global_phase": 0.0, "metadata": {}}, "data": {"counts": {"0x1": 1, "0x11": 15, "0x14": 10, "0x15": 250, "0x17": 1, "0x18": 15, "0x19": 379, "0x1b": 1, "0x1c": 183, "0x1d": 6793, "0x1e": 4, "0x1f": 64, "0x5": 13, "0x9": 26, "0xc": 10, "0xd": 426, "0xf": 1}, "snapshots": null, "memory": null, "statevector": null, "unitary": null}}, {"shots": 8192, "success": true, "status": "done", "seed": null, "meas_level": 2, "meas_return": null, "header": {"qubit_labels": [["q", 0], ["q", 1], ["q", 2], ["q", 3], ["q", 4], ["q", 5], ["q", 6]], "n_qubits": 7, "qreg_sizes": [["q", 7]], "clbit_labels": [["c0", 0], ["c0", 1], ["c0", 2], ["c0", 3], ["c0", 4]], "memory_slots": 5, "creg_sizes": [["c0", 5]], "name": "mcalcal_11110", "global_phase": 0.0, "metadata": {}}, "data": {"counts": {"0x12": 16, "0x13": 1, "0x14": 9, "0x16": 295, "0x17": 1, "0x18": 13, "0x1a": 358, "0x1b": 4, "0x1c": 202, "0x1e": 6812, "0x1f": 39, "0x2": 1, "0x6": 14, "0xa": 29, "0xc": 14, "0xe": 384}, "snapshots": null, "memory": null, "statevector": null, "unitary": null}}, {"shots": 8192, "success": true, "status": "done", "seed": null, "meas_level": 2, "meas_return": null, "header": {"qubit_labels": [["q", 0], ["q", 1], ["q", 2], ["q", 3], ["q", 4], ["q", 5], ["q", 6]], "n_qubits": 7, "qreg_sizes": [["q", 7]], "clbit_labels": [["c0", 0], ["c0", 1], ["c0", 2], ["c0", 3], ["c0", 4]], "memory_slots": 5, "creg_sizes": [["c0", 5]], "name": "mcalcal_11111", "global_phase": 0.0, "metadata": {}}, "data": {"counts": {"0x11": 1, "0x12": 1, "0x13": 21, "0x15": 7, "0x16": 8, "0x17": 255, "0x19": 12, "0x1a": 7, "0x1b": 344, "0x1c": 11, "0x1d": 209, "0x1e": 192, "0x1f": 6653, "0x7": 22, "0xb": 25, "0xc": 1, "0xd": 10, "0xe": 12, "0xf": 401}, "snapshots": null, "memory": null, "statevector": null, "unitary": null}}], "error": null}