{"qobj_id": "033cde10-804c-4f2d-9511-cd5a023d1bdd", "header": {"backend_name": "ibmq_jakarta", "backend_version": "1.2.7"}, "config": {"shots": 8192, "memory": false, "parameter_binds": [], "meas_level": 2, "n_qubits": 7, "rep_delay": 250.0, "init_qubits": true, "use_measure_esp": false, "parametric_pulses": ["gaussian", "gaussian_square", "gaussian_square_drag", "drag", "constant"], "memory_slots": 5}, "schema_version": "1.3.0", "type": "QASM", "experiments": [{"config": {"n_qubits": 7, "memory_slots": 5}, "header": {"qubit_labels": [["q", 0], ["q", 1], ["q", 2], ["q", 3], ["q", 4], ["q", 5], ["q", 6]], "n_qubits": 7, "qreg_sizes": [["q", 7]], "clbit_labels": [["c0", 0], ["c0", 1], ["c0", 2], ["c0", 3], ["c0", 4]], "memory_slots": 5, "creg_sizes": [["c0", 5]], "name": "mcalcal_00000", "global_phase": 0.0, "metadata": {}}, "instructions": [{"name": "barrier", "qubits": [2, 0, 1, 3, 5]}, {"name": "measure", "qubits": [2], "memory": [0]}, {"name": "measure", "qubits": [0], "memory": [1]}, {"name": "measure", "qubits": [1], "memory": [2]}, {"name": "measure", "qubits": [3], "memory": [3]}, {"name": "measure", "qubits": [5], "memory": [4]}]}, {"config": {"n_qubits": 7, "memory_slots": 5}, "header": {"qubit_labels": [["q", 0], ["q", 1], ["q", 2], ["q", 3], ["q", 4], ["q", 5], ["q", 6]], "n_qubits": 7, "qreg_sizes": [["q", 7]], "clbit_labels": [["c0", 0], ["c0", 1], ["c0", 2], ["c0", 3], ["c0", 4]], "memory_slots": 5, "creg_sizes": [["c0", 5]], "name": "mcalcal_00001", "global_phase": 0.0, "metadata": {}}, "instructions": [{"name": "x", "qubits": [2]}, {"name": "barrier", "qubits": [2, 0, 1, 3, 5]}, {"name": "measure", "qubits": [2], "memory": [0]}, {"name": "measure", "qubits": [0], "memory": [1]}, {"name": "measure", "qubits": [1], "memory": [2]}, {"name": "measure", "qubits": [3], "memory": [3]}, {"name": "measure", "qubits": [5], "memory": [4]}]}, {"config": {"n_qubits": 7, "memory_slots": 5}, "header": {"qubit_labels": [["q", 0], ["q", 1], ["q", 2], ["q", 3], ["q", 4], ["q", 5], ["q", 6]], "n_qubits": 7, "qreg_sizes": [["q", 7]], "clbit_labels": [["c0", 0], ["c0", 1], ["c0", 2], ["c0", 3], ["c0", 4]], "memory_slots": 5, "creg_sizes": [["c0", 5]], "name": "mcalcal_00010", "global_phase": 0.0, "metadata": {}}, "instructions": [{"name": "x", "qubits": [0]}, {"name": "barrier", "qubits": [2, 0, 1, 3, 5]}, {"name": "measure", "qubits": [2], "memory": [0]}, {"name": "measure", "qubits": [0], "memory": [1]}, {"name": "measure", "qubits": [1], "memory": [2]}, {"name": "measure", "qubits": [3], "memory": [3]}, {"name": "measure", "qubits": [5], "memory": [4]}]}, {"config": {"n_qubits": 7, "memory_slots": 5}, "header": {"qubit_labels": [["q", 0], ["q", 1], ["q", 2], ["q", 3], ["q", 4], ["q", 5], ["q", 6]], "n_qubits": 7, "qreg_sizes": [["q", 7]], "clbit_labels": [["c0", 0], ["c0", 1], ["c0", 2], ["c0", 3], ["c0", 4]], "memory_slots": 5, "creg_sizes": [["c0", 5]], "name": "mcalcal_00011", "global_phase": 0.0, "metadata": {}}, "instructions": [{"name": "x", "qubits": [0]}, {"name": "x", "qubits": [2]}, {"name": "barrier", "qubits": [2, 0, 1, 3, 5]}, {"name": "measure", "qubits": [2], "memory": [0]}, {"name": "measure", "qubits": [0], "memory": [1]}, {"name": "measure", "qubits": [1], "memory": [2]}, {"name": "measure", "qubits": [3], "memory": [3]}, {"name": "measure", "qubits": [5], "memory": [4]}]}, {"config": {"n_qubits": 7, "memory_slots": 5}, "header": {"qubit_labels": [["q", 0], ["q", 1], ["q", 2], ["q", 3], ["q", 4], ["q", 5], ["q", 6]], "n_qubits": 7, "qreg_sizes": [["q", 7]], "clbit_labels": [["c0", 0], ["c0", 1], ["c0", 2], ["c0", 3], ["c0", 4]], "memory_slots": 5, "creg_sizes": [["c0", 5]], "name": "mcalcal_00100", "global_phase": 0.0, "metadata": {}}, "instructions": [{"name": "x", "qubits": [1]}, {"name": "barrier", "qubits": [2, 0, 1, 3, 5]}, {"name": "measure", "qubits": [2], "memory": [0]}, {"name": "measure", "qubits": [0], "memory": [1]}, {"name": "measure", "qubits": [1], "memory": [2]}, {"name": "measure", "qubits": [3], "memory": [3]}, {"name": "measure", "qubits": [5], "memory": [4]}]}, {"config": {"n_qubits": 7, "memory_slots": 5}, "header": {"qubit_labels": [["q", 0], ["q", 1], ["q", 2], ["q", 3], ["q", 4], ["q", 5], ["q", 6]], "n_qubits": 7, "qreg_sizes": [["q", 7]], "clbit_labels": [["c0", 0], ["c0", 1], ["c0", 2], ["c0", 3], ["c0", 4]], "memory_slots": 5, "creg_sizes": [["c0", 5]], "name": "mcalcal_00101", "global_phase": 0.0, "metadata": {}}, "instructions": [{"name": "x", "qubits": [1]}, {"name": "x", "qubits": [2]}, {"name": "barrier", "qubits": [2, 0, 1, 3, 5]}, {"name": "measure", "qubits": [2], "memory": [0]}, {"name": "measure", "qubits": [0], "memory": [1]}, {"name": "measure", "qubits": [1], "memory": [2]}, {"name": "measure", "qubits": [3], "memory": [3]}, {"name": "measure", "qubits": [5], "memory": [4]}]}, {"config": {"n_qubits": 7, "memory_slots": 5}, "header": {"qubit_labels": [["q", 0], ["q", 1], ["q", 2], ["q", 3], ["q", 4], ["q", 5], ["q", 6]], "n_qubits": 7, "qreg_sizes": [["q", 7]], "clbit_labels": [["c0", 0], ["c0", 1], ["c0", 2], ["c0", 3], ["c0", 4]], "memory_slots": 5, "creg_sizes": [["c0", 5]], "name": "mcalcal_00110", "global_phase": 0.0, "metadata": {}}, "instructions": [{"name": "x", "qubits": [0]}, {"name": "x", "qubits": [1]}, {"name": "barrier", "qubits": [2, 0, 1, 3, 5]}, {"name": "measure", "qubits": [2], "memory": [0]}, {"name": "measure", "qubits": [0], "memory": [1]}, {"name": "measure", "qubits": [1], "memory": [2]}, {"name": "measure", "qubits": [3], "memory": [3]}, {"name": "measure", "qubits": [5], "memory": [4]}]}, {"config": {"n_qubits": 7, "memory_slots": 5}, "header": {"qubit_labels": [["q", 0], ["q", 1], ["q", 2], ["q", 3], ["q", 4], ["q", 5], ["q", 6]], "n_qubits": 7, "qreg_sizes": [["q", 7]], "clbit_labels": [["c0", 0], ["c0", 1], ["c0", 2], ["c0", 3], ["c0", 4]], "memory_slots": 5, "creg_sizes": [["c0", 5]], "name": "mcalcal_00111", "global_phase": 0.0, "metadata": {}}, "instructions": [{"name": "x", "qubits": [0]}, {"name": "x", "qubits": [1]}, {"name": "x", "qubits": [2]}, {"name": "barrier", "qubits": [2, 0, 1, 3, 5]}, {"name": "measure", "qubits": [2], "memory": [0]}, {"name": "measure", "qubits": [0], "memory": [1]}, {"name": "measure", "qubits": [1], "memory": [2]}, {"name": "measure", "qubits": [3], "memory": [3]}, {"name": "measure", "qubits": [5], "memory": [4]}]}, {"config": {"n_qubits": 7, "memory_slots": 5}, "header": {"qubit_labels": [["q", 0], ["q", 1], ["q", 2], ["q", 3], ["q", 4], ["q", 5], ["q", 6]], "n_qubits": 7, "qreg_sizes": [["q", 7]], "clbit_labels": [["c0", 0], ["c0", 1], ["c0", 2], ["c0", 3], ["c0", 4]], "memory_slots": 5, "creg_sizes": [["c0", 5]], "name": "mcalcal_01000", "global_phase": 0.0, "metadata": {}}, "instructions": [{"name": "x", "qubits": [3]}, {"name": "barrier", "qubits": [2, 0, 1, 3, 5]}, {"name": "measure", "qubits": [2], "memory": [0]}, {"name": "measure", "qubits": [0], "memory": [1]}, {"name": "measure", "qubits": [1], "memory": [2]}, {"name": "measure", "qubits": [3], "memory": [3]}, {"name": "measure", "qubits": [5], "memory": [4]}]}, {"config": {"n_qubits": 7, "memory_slots": 5}, "header": {"qubit_labels": [["q", 0], ["q", 1], ["q", 2], ["q", 3], ["q", 4], ["q", 5], ["q", 6]], "n_qubits": 7, "qreg_sizes": [["q", 7]], "clbit_labels": [["c0", 0], ["c0", 1], ["c0", 2], ["c0", 3], ["c0", 4]], "memory_slots": 5, "creg_sizes": [["c0", 5]], "name": "mcalcal_01001", "global_phase": 0.0, "metadata": {}}, "instructions": [{"name": "x", "qubits": [2]}, {"name": "x", "qubits": [3]}, {"name": "barrier", "qubits": [2, 0, 1, 3, 5]}, {"name": "measure", "qubits": [2], "memory": [0]}, {"name": "measure", "qubits": [0], "memory": [1]}, {"name": "measure", "qubits": [1], "memory": [2]}, {"name": "measure", "qubits": [3], "memory": [3]}, {"name": "measure", "qubits": [5], "memory": [4]}]}, {"config": {"n_qubits": 7, "memory_slots": 5}, "header": {"qubit_labels": [["q", 0], ["q", 1], ["q", 2], ["q", 3], ["q", 4], ["q", 5], ["q", 6]], "n_qubits": 7, "qreg_sizes": [["q", 7]], "clbit_labels": [["c0", 0], ["c0", 1], ["c0", 2], ["c0", 3], ["c0", 4]], "memory_slots": 5, "creg_sizes": [["c0", 5]], "name": "mcalcal_01010", "global_phase": 0.0, "metadata": {}}, "instructions": [{"name": "x", "qubits": [0]}, {"name": "x", "qubits": [3]}, {"name": "barrier", "qubits": [2, 0, 1, 3, 5]}, {"name": "measure", "qubits": [2], "memory": [0]}, {"name": "measure", "qubits": [0], "memory": [1]}, {"name": "measure", "qubits": [1], "memory": [2]}, {"name": "measure", "qubits": [3], "memory": [3]}, {"name": "measure", "qubits": [5], "memory": [4]}]}, {"config": {"n_qubits": 7, "memory_slots": 5}, "header": {"qubit_labels": [["q", 0], ["q", 1], ["q", 2], ["q", 3], ["q", 4], ["q", 5], ["q", 6]], "n_qubits": 7, "qreg_sizes": [["q", 7]], "clbit_labels": [["c0", 0], ["c0", 1], ["c0", 2], ["c0", 3], ["c0", 4]], "memory_slots": 5, "creg_sizes": [["c0", 5]], "name": "mcalcal_01011", "global_phase": 0.0, "metadata": {}}, "instructions": [{"name": "x", "qubits": [0]}, {"name": "x", "qubits": [2]}, {"name": "x", "qubits": [3]}, {"name": "barrier", "qubits": [2, 0, 1, 3, 5]}, {"name": "measure", "qubits": [2], "memory": [0]}, {"name": "measure", "qubits": [0], "memory": [1]}, {"name": "measure", "qubits": [1], "memory": [2]}, {"name": "measure", "qubits": [3], "memory": [3]}, {"name": "measure", "qubits": [5], "memory": [4]}]}, {"config": {"n_qubits": 7, "memory_slots": 5}, "header": {"qubit_labels": [["q", 0], ["q", 1], ["q", 2], ["q", 3], ["q", 4], ["q", 5], ["q", 6]], "n_qubits": 7, "qreg_sizes": [["q", 7]], "clbit_labels": [["c0", 0], ["c0", 1], ["c0", 2], ["c0", 3], ["c0", 4]], "memory_slots": 5, "creg_sizes": [["c0", 5]], "name": "mcalcal_01100", "global_phase": 0.0, "metadata": {}}, "instructions": [{"name": "x", "qubits": [1]}, {"name": "x", "qubits": [3]}, {"name": "barrier", "qubits": [2, 0, 1, 3, 5]}, {"name": "measure", "qubits": [2], "memory": [0]}, {"name": "measure", "qubits": [0], "memory": [1]}, {"name": "measure", "qubits": [1], "memory": [2]}, {"name": "measure", "qubits": [3], "memory": [3]}, {"name": "measure", "qubits": [5], "memory": [4]}]}, {"config": {"n_qubits": 7, "memory_slots": 5}, "header": {"qubit_labels": [["q", 0], ["q", 1], ["q", 2], ["q", 3], ["q", 4], ["q", 5], ["q", 6]], "n_qubits": 7, "qreg_sizes": [["q", 7]], "clbit_labels": [["c0", 0], ["c0", 1], ["c0", 2], ["c0", 3], ["c0", 4]], "memory_slots": 5, "creg_sizes": [["c0", 5]], "name": "mcalcal_01101", "global_phase": 0.0, "metadata": {}}, "instructions": [{"name": "x", "qubits": [1]}, {"name": "x", "qubits": [2]}, {"name": "x", "qubits": [3]}, {"name": "barrier", "qubits": [2, 0, 1, 3, 5]}, {"name": "measure", "qubits": [2], "memory": [0]}, {"name": "measure", "qubits": [0], "memory": [1]}, {"name": "measure", "qubits": [1], "memory": [2]}, {"name": "measure", "qubits": [3], "memory": [3]}, {"name": "measure", "qubits": [5], "memory": [4]}]}, {"config": {"n_qubits": 7, "memory_slots": 5}, "header": {"qubit_labels": [["q", 0], ["q", 1], ["q", 2], ["q", 3], ["q", 4], ["q", 5], ["q", 6]], "n_qubits": 7, "qreg_sizes": [["q", 7]], "clbit_labels": [["c0", 0], ["c0", 1], ["c0", 2], ["c0", 3], ["c0", 4]], "memory_slots": 5, "creg_sizes": [["c0", 5]], "name": "mcalcal_01110", "global_phase": 0.0, "metadata": {}}, "instructions": [{"name": "x", "qubits": [0]}, {"name": "x", "qubits": [1]}, {"name": "x", "qubits": [3]}, {"name": "barrier", "qubits": [2, 0, 1, 3, 5]}, {"name": "measure", "qubits": [2], "memory": [0]}, {"name": "measure", "qubits": [0], "memory": [1]}, {"name": "measure", "qubits": [1], "memory": [2]}, {"name": "measure", "qubits": [3], "memory": [3]}, {"name": "measure", "qubits": [5], "memory": [4]}]}, {"config": {"n_qubits": 7, "memory_slots": 5}, "header": {"qubit_labels": [["q", 0], ["q", 1], ["q", 2], ["q", 3], ["q", 4], ["q", 5], ["q", 6]], "n_qubits": 7, "qreg_sizes": [["q", 7]], "clbit_labels": [["c0", 0], ["c0", 1], ["c0", 2], ["c0", 3], ["c0", 4]], "memory_slots": 5, "creg_sizes": [["c0", 5]], "name": "mcalcal_01111", "global_phase": 0.0, "metadata": {}}, "instructions": [{"name": "x", "qubits": [0]}, {"name": "x", "qubits": [1]}, {"name": "x", "qubits": [2]}, {"name": "x", "qubits": [3]}, {"name": "barrier", "qubits": [2, 0, 1, 3, 5]}, {"name": "measure", "qubits": [2], "memory": [0]}, {"name": "measure", "qubits": [0], "memory": [1]}, {"name": "measure", "qubits": [1], "memory": [2]}, {"name": "measure", "qubits": [3], "memory": [3]}, {"name": "measure", "qubits": [5], "memory": [4]}]}, {"config": {"n_qubits": 7, "memory_slots": 5}, "header": {"qubit_labels": [["q", 0], ["q", 1], ["q", 2], ["q", 3], ["q", 4], ["q", 5], ["q", 6]], "n_qubits": 7, "qreg_sizes": [["q", 7]], "clbit_labels": [["c0", 0], ["c0", 1], ["c0", 2], ["c0", 3], ["c0", 4]], "memory_slots": 5, "creg_sizes": [["c0", 5]], "name": "mcalcal_10000", "global_phase": 0.0, "metadata": {}}, "instructions": [{"name": "x", "qubits": [5]}, {"name": "barrier", "qubits": [2, 0, 1, 3, 5]}, {"name": "measure", "qubits": [2], "memory": [0]}, {"name": "measure", "qubits": [0], "memory": [1]}, {"name": "measure", "qubits": [1], "memory": [2]}, {"name": "measure", "qubits": [3], "memory": [3]}, {"name": "measure", "qubits": [5], "memory": [4]}]}, {"config": {"n_qubits": 7, "memory_slots": 5}, "header": {"qubit_labels": [["q", 0], ["q", 1], ["q", 2], ["q", 3], ["q", 4], ["q", 5], ["q", 6]], "n_qubits": 7, "qreg_sizes": [["q", 7]], "clbit_labels": [["c0", 0], ["c0", 1], ["c0", 2], ["c0", 3], ["c0", 4]], "memory_slots": 5, "creg_sizes": [["c0", 5]], "name": "mcalcal_10001", "global_phase": 0.0, "metadata": {}}, "instructions": [{"name": "x", "qubits": [2]}, {"name": "x", "qubits": [5]}, {"name": "barrier", "qubits": [2, 0, 1, 3, 5]}, {"name": "measure", "qubits": [2], "memory": [0]}, {"name": "measure", "qubits": [0], "memory": [1]}, {"name": "measure", "qubits": [1], "memory": [2]}, {"name": "measure", "qubits": [3], "memory": [3]}, {"name": "measure", "qubits": [5], "memory": [4]}]}, {"config": {"n_qubits": 7, "memory_slots": 5}, "header": {"qubit_labels": [["q", 0], ["q", 1], ["q", 2], ["q", 3], ["q", 4], ["q", 5], ["q", 6]], "n_qubits": 7, "qreg_sizes": [["q", 7]], "clbit_labels": [["c0", 0], ["c0", 1], ["c0", 2], ["c0", 3], ["c0", 4]], "memory_slots": 5, "creg_sizes": [["c0", 5]], "name": "mcalcal_10010", "global_phase": 0.0, "metadata": {}}, "instructions": [{"name": "x", "qubits": [0]}, {"name": "x", "qubits": [5]}, {"name": "barrier", "qubits": [2, 0, 1, 3, 5]}, {"name": "measure", "qubits": [2], "memory": [0]}, {"name": "measure", "qubits": [0], "memory": [1]}, {"name": "measure", "qubits": [1], "memory": [2]}, {"name": "measure", "qubits": [3], "memory": [3]}, {"name": "measure", "qubits": [5], "memory": [4]}]}, {"config": {"n_qubits": 7, "memory_slots": 5}, "header": {"qubit_labels": [["q", 0], ["q", 1], ["q", 2], ["q", 3], ["q", 4], ["q", 5], ["q", 6]], "n_qubits": 7, "qreg_sizes": [["q", 7]], "clbit_labels": [["c0", 0], ["c0", 1], ["c0", 2], ["c0", 3], ["c0", 4]], "memory_slots": 5, "creg_sizes": [["c0", 5]], "name": "mcalcal_10011", "global_phase": 0.0, "metadata": {}}, "instructions": [{"name": "x", "qubits": [0]}, {"name": "x", "qubits": [2]}, {"name": "x", "qubits": [5]}, {"name": "barrier", "qubits": [2, 0, 1, 3, 5]}, {"name": "measure", "qubits": [2], "memory": [0]}, {"name": "measure", "qubits": [0], "memory": [1]}, {"name": "measure", "qubits": [1], "memory": [2]}, {"name": "measure", "qubits": [3], "memory": [3]}, {"name": "measure", "qubits": [5], "memory": [4]}]}, {"config": {"n_qubits": 7, "memory_slots": 5}, "header": {"qubit_labels": [["q", 0], ["q", 1], ["q", 2], ["q", 3], ["q", 4], ["q", 5], ["q", 6]], "n_qubits": 7, "qreg_sizes": [["q", 7]], "clbit_labels": [["c0", 0], ["c0", 1], ["c0", 2], ["c0", 3], ["c0", 4]], "memory_slots": 5, "creg_sizes": [["c0", 5]], "name": "mcalcal_10100", "global_phase": 0.0, "metadata": {}}, "instructions": [{"name": "x", "qubits": [1]}, {"name": "x", "qubits": [5]}, {"name": "barrier", "qubits": [2, 0, 1, 3, 5]}, {"name": "measure", "qubits": [2], "memory": [0]}, {"name": "measure", "qubits": [0], "memory": [1]}, {"name": "measure", "qubits": [1], "memory": [2]}, {"name": "measure", "qubits": [3], "memory": [3]}, {"name": "measure", "qubits": [5], "memory": [4]}]}, {"config": {"n_qubits": 7, "memory_slots": 5}, "header": {"qubit_labels": [["q", 0], ["q", 1], ["q", 2], ["q", 3], ["q", 4], ["q", 5], ["q", 6]], "n_qubits": 7, "qreg_sizes": [["q", 7]], "clbit_labels": [["c0", 0], ["c0", 1], ["c0", 2], ["c0", 3], ["c0", 4]], "memory_slots": 5, "creg_sizes": [["c0", 5]], "name": "mcalcal_10101", "global_phase": 0.0, "metadata": {}}, "instructions": [{"name": "x", "qubits": [1]}, {"name": "x", "qubits": [2]}, {"name": "x", "qubits": [5]}, {"name": "barrier", "qubits": [2, 0, 1, 3, 5]}, {"name": "measure", "qubits": [2], "memory": [0]}, {"name": "measure", "qubits": [0], "memory": [1]}, {"name": "measure", "qubits": [1], "memory": [2]}, {"name": "measure", "qubits": [3], "memory": [3]}, {"name": "measure", "qubits": [5], "memory": [4]}]}, {"config": {"n_qubits": 7, "memory_slots": 5}, "header": {"qubit_labels": [["q", 0], ["q", 1], ["q", 2], ["q", 3], ["q", 4], ["q", 5], ["q", 6]], "n_qubits": 7, "qreg_sizes": [["q", 7]], "clbit_labels": [["c0", 0], ["c0", 1], ["c0", 2], ["c0", 3], ["c0", 4]], "memory_slots": 5, "creg_sizes": [["c0", 5]], "name": "mcalcal_10110", "global_phase": 0.0, "metadata": {}}, "instructions": [{"name": "x", "qubits": [0]}, {"name": "x", "qubits": [1]}, {"name": "x", "qubits": [5]}, {"name": "barrier", "qubits": [2, 0, 1, 3, 5]}, {"name": "measure", "qubits": [2], "memory": [0]}, {"name": "measure", "qubits": [0], "memory": [1]}, {"name": "measure", "qubits": [1], "memory": [2]}, {"name": "measure", "qubits": [3], "memory": [3]}, {"name": "measure", "qubits": [5], "memory": [4]}]}, {"config": {"n_qubits": 7, "memory_slots": 5}, "header": {"qubit_labels": [["q", 0], ["q", 1], ["q", 2], ["q", 3], ["q", 4], ["q", 5], ["q", 6]], "n_qubits": 7, "qreg_sizes": [["q", 7]], "clbit_labels": [["c0", 0], ["c0", 1], ["c0", 2], ["c0", 3], ["c0", 4]], "memory_slots": 5, "creg_sizes": [["c0", 5]], "name": "mcalcal_10111", "global_phase": 0.0, "metadata": {}}, "instructions": [{"name": "x", "qubits": [0]}, {"name": "x", "qubits": [1]}, {"name": "x", "qubits": [2]}, {"name": "x", "qubits": [5]}, {"name": "barrier", "qubits": [2, 0, 1, 3, 5]}, {"name": "measure", "qubits": [2], "memory": [0]}, {"name": "measure", "qubits": [0], "memory": [1]}, {"name": "measure", "qubits": [1], "memory": [2]}, {"name": "measure", "qubits": [3], "memory": [3]}, {"name": "measure", "qubits": [5], "memory": [4]}]}, {"config": {"n_qubits": 7, "memory_slots": 5}, "header": {"qubit_labels": [["q", 0], ["q", 1], ["q", 2], ["q", 3], ["q", 4], ["q", 5], ["q", 6]], "n_qubits": 7, "qreg_sizes": [["q", 7]], "clbit_labels": [["c0", 0], ["c0", 1], ["c0", 2], ["c0", 3], ["c0", 4]], "memory_slots": 5, "creg_sizes": [["c0", 5]], "name": "mcalcal_11000", "global_phase": 0.0, "metadata": {}}, "instructions": [{"name": "x", "qubits": [3]}, {"name": "x", "qubits": [5]}, {"name": "barrier", "qubits": [2, 0, 1, 3, 5]}, {"name": "measure", "qubits": [2], "memory": [0]}, {"name": "measure", "qubits": [0], "memory": [1]}, {"name": "measure", "qubits": [1], "memory": [2]}, {"name": "measure", "qubits": [3], "memory": [3]}, {"name": "measure", "qubits": [5], "memory": [4]}]}, {"config": {"n_qubits": 7, "memory_slots": 5}, "header": {"qubit_labels": [["q", 0], ["q", 1], ["q", 2], ["q", 3], ["q", 4], ["q", 5], ["q", 6]], "n_qubits": 7, "qreg_sizes": [["q", 7]], "clbit_labels": [["c0", 0], ["c0", 1], ["c0", 2], ["c0", 3], ["c0", 4]], "memory_slots": 5, "creg_sizes": [["c0", 5]], "name": "mcalcal_11001", "global_phase": 0.0, "metadata": {}}, "instructions": [{"name": "x", "qubits": [2]}, {"name": "x", "qubits": [3]}, {"name": "x", "qubits": [5]}, {"name": "barrier", "qubits": [2, 0, 1, 3, 5]}, {"name": "measure", "qubits": [2], "memory": [0]}, {"name": "measure", "qubits": [0], "memory": [1]}, {"name": "measure", "qubits": [1], "memory": [2]}, {"name": "measure", "qubits": [3], "memory": [3]}, {"name": "measure", "qubits": [5], "memory": [4]}]}, {"config": {"n_qubits": 7, "memory_slots": 5}, "header": {"qubit_labels": [["q", 0], ["q", 1], ["q", 2], ["q", 3], ["q", 4], ["q", 5], ["q", 6]], "n_qubits": 7, "qreg_sizes": [["q", 7]], "clbit_labels": [["c0", 0], ["c0", 1], ["c0", 2], ["c0", 3], ["c0", 4]], "memory_slots": 5, "creg_sizes": [["c0", 5]], "name": "mcalcal_11010", "global_phase": 0.0, "metadata": {}}, "instructions": [{"name": "x", "qubits": [0]}, {"name": "x", "qubits": [3]}, {"name": "x", "qubits": [5]}, {"name": "barrier", "qubits": [2, 0, 1, 3, 5]}, {"name": "measure", "qubits": [2], "memory": [0]}, {"name": "measure", "qubits": [0], "memory": [1]}, {"name": "measure", "qubits": [1], "memory": [2]}, {"name": "measure", "qubits": [3], "memory": [3]}, {"name": "measure", "qubits": [5], "memory": [4]}]}, {"config": {"n_qubits": 7, "memory_slots": 5}, "header": {"qubit_labels": [["q", 0], ["q", 1], ["q", 2], ["q", 3], ["q", 4], ["q", 5], ["q", 6]], "n_qubits": 7, "qreg_sizes": [["q", 7]], "clbit_labels": [["c0", 0], ["c0", 1], ["c0", 2], ["c0", 3], ["c0", 4]], "memory_slots": 5, "creg_sizes": [["c0", 5]], "name": "mcalcal_11011", "global_phase": 0.0, "metadata": {}}, "instructions": [{"name": "x", "qubits": [0]}, {"name": "x", "qubits": [2]}, {"name": "x", "qubits": [3]}, {"name": "x", "qubits": [5]}, {"name": "barrier", "qubits": [2, 0, 1, 3, 5]}, {"name": "measure", "qubits": [2], "memory": [0]}, {"name": "measure", "qubits": [0], "memory": [1]}, {"name": "measure", "qubits": [1], "memory": [2]}, {"name": "measure", "qubits": [3], "memory": [3]}, {"name": "measure", "qubits": [5], "memory": [4]}]}, {"config": {"n_qubits": 7, "memory_slots": 5}, "header": {"qubit_labels": [["q", 0], ["q", 1], ["q", 2], ["q", 3], ["q", 4], ["q", 5], ["q", 6]], "n_qubits": 7, "qreg_sizes": [["q", 7]], "clbit_labels": [["c0", 0], ["c0", 1], ["c0", 2], ["c0", 3], ["c0", 4]], "memory_slots": 5, "creg_sizes": [["c0", 5]], "name": "mcalcal_11100", "global_phase": 0.0, "metadata": {}}, "instructions": [{"name": "x", "qubits": [1]}, {"name": "x", "qubits": [3]}, {"name": "x", "qubits": [5]}, {"name": "barrier", "qubits": [2, 0, 1, 3, 5]}, {"name": "measure", "qubits": [2], "memory": [0]}, {"name": "measure", "qubits": [0], "memory": [1]}, {"name": "measure", "qubits": [1], "memory": [2]}, {"name": "measure", "qubits": [3], "memory": [3]}, {"name": "measure", "qubits": [5], "memory": [4]}]}, {"config": {"n_qubits": 7, "memory_slots": 5}, "header": {"qubit_labels": [["q", 0], ["q", 1], ["q", 2], ["q", 3], ["q", 4], ["q", 5], ["q", 6]], "n_qubits": 7, "qreg_sizes": [["q", 7]], "clbit_labels": [["c0", 0], ["c0", 1], ["c0", 2], ["c0", 3], ["c0", 4]], "memory_slots": 5, "creg_sizes": [["c0", 5]], "name": "mcalcal_11101", "global_phase": 0.0, "metadata": {}}, "instructions": [{"name": "x", "qubits": [1]}, {"name": "x", "qubits": [2]}, {"name": "x", "qubits": [3]}, {"name": "x", "qubits": [5]}, {"name": "barrier", "qubits": [2, 0, 1, 3, 5]}, {"name": "measure", "qubits": [2], "memory": [0]}, {"name": "measure", "qubits": [0], "memory": [1]}, {"name": "measure", "qubits": [1], "memory": [2]}, {"name": "measure", "qubits": [3], "memory": [3]}, {"name": "measure", "qubits": [5], "memory": [4]}]}, {"config": {"n_qubits": 7, "memory_slots": 5}, "header": {"qubit_labels": [["q", 0], ["q", 1], ["q", 2], ["q", 3], ["q", 4], ["q", 5], ["q", 6]], "n_qubits": 7, "qreg_sizes": [["q", 7]], "clbit_labels": [["c0", 0], ["c0", 1], ["c0", 2], ["c0", 3], ["c0", 4]], "memory_slots": 5, "creg_sizes": [["c0", 5]], "name": "mcalcal_11110", "global_phase": 0.0, "metadata": {}}, "instructions": [{"name": "x", "qubits": [0]}, {"name": "x", "qubits": [1]}, {"name": "x", "qubits": [3]}, {"name": "x", "qubits": [5]}, {"name": "barrier", "qubits": [2, 0, 1, 3, 5]}, {"name": "measure", "qubits": [2], "memory": [0]}, {"name": "measure", "qubits": [0], "memory": [1]}, {"name": "measure", "qubits": [1], "memory": [2]}, {"name": "measure", "qubits": [3], "memory": [3]}, {"name": "measure", "qubits": [5], "memory": [4]}]}, {"config": {"n_qubits": 7, "memory_slots": 5}, "header": {"qubit_labels": [["q", 0], ["q", 1], ["q", 2], ["q", 3], ["q", 4], ["q", 5], ["q", 6]], "n_qubits": 7, "qreg_sizes": [["q", 7]], "clbit_labels": [["c0", 0], ["c0", 1], ["c0", 2], ["c0", 3], ["c0", 4]], "memory_slots": 5, "creg_sizes": [["c0", 5]], "name": "mcalcal_11111", "global_phase": 0.0, "metadata": {}}, "instructions": [{"name": "x", "qubits": [0]}, {"name": "x", "qubits": [1]}, {"name": "x", "qubits": [2]}, {"name": "x", "qubits": [3]}, {"name": "x", "qubits": [5]}, {"name": "barrier", "qubits": [2, 0, 1, 3, 5]}, {"name": "measure", "qubits": [2], "memory": [0]}, {"name": "measure", "qubits": [0], "memory": [1]}, {"name": "measure", "qubits": [1], "memory": [2]}, {"name": "measure", "qubits": [3], "memory": [3]}, {"name": "measure", "qubits": [5], "memory": [4]}]}]}