{"backend_name": "ibmq_jakarta", "backend_version": "1.2.7", "qobj_id": "a50430cd-1c16-4c4b-a35d-e4f66f020e1c", "job_id": "640886a71e92645b7ee6b622", "date": "2023-03-08T13:06:51Z", "success": true, "status": "Successful completion", "execution_id": "08409bee-bdb2-11ed-8775-bc97e15b08d0", "time_taken": 25.216423749923706, "header": {"backend_name": "ibmq_jakarta", "backend_version": "1.2.7"}, "results": [{"shots": 8192, "success": true, "status": "done", "seed": null, "meas_level": 2, "meas_return": null, "header": {"qubit_labels": [["q", 0], ["q", 1], ["q", 2], ["q", 3], ["q", 4], ["q", 5], ["q", 6]], "n_qubits": 7, "qreg_sizes": [["q", 7]], "clbit_labels": [["cr_anc", 0], ["cr", 0], ["cr", 1], ["cr", 2], ["cr", 3]], "memory_slots": 5, "creg_sizes": [["cr_anc", 1], ["cr", 4]], "name": "qc_dsp_X", "global_phase": 0.7853981633974483, "metadata": {}}, "data": {"counts": {"0x0": 2297, "0x1": 776, "0x10": 206, "0x11": 85, "0x12": 14, "0x13": 24, "0x14": 62, "0x15": 200, "0x16": 15, "0x17": 26, "0x18": 53, "0x19": 55, "0x1a": 12, "0x1b": 16, "0x1c": 52, "0x1d": 42, "0x1e": 6, "0x1f": 12, "0x2": 127, "0x3": 197, "0x4": 714, "0x5": 2147, "0x6": 186, "0x7": 141, "0x8": 108, "0x9": 132, "0xa": 27, "0xb": 51, "0xc": 90, "0xd": 208, "0xe": 38, "0xf": 73}, "snapshots": null, "memory": null, "statevector": null, "unitary": null}}, {"shots": 8192, "success": true, "status": "done", "seed": null, "meas_level": 2, "meas_return": null, "header": {"qubit_labels": [["q", 0], ["q", 1], ["q", 2], ["q", 3], ["q", 4], ["q", 5], ["q", 6]], "n_qubits": 7, "qreg_sizes": [["q", 7]], "clbit_labels": [["cr_anc", 0], ["cr", 0], ["cr", 1], ["cr", 2], ["cr", 3]], "memory_slots": 5, "creg_sizes": [["cr_anc", 1], ["cr", 4]], "name": "qc_dsp_X", "global_phase": 3.9269908169872414, "metadata": {}}, "data": {"counts": {"0x0": 1632, "0x1": 1120, "0x10": 230, "0x11": 154, "0x12": 27, "0x13": 30, "0x14": 132, "0x15": 214, "0x16": 23, "0x17": 20, "0x18": 78, "0x19": 85, "0x1a": 22, "0x1b": 19, "0x1c": 71, "0x1d": 95, "0x1e": 15, "0x1f": 19, "0x2": 164, "0x3": 200, "0x4": 1034, "0x5": 1531, "0x6": 212, "0x7": 180, "0x8": 130, "0x9": 184, "0xa": 66, "0xb": 53, "0xc": 169, "0xd": 188, "0xe": 45, "0xf": 50}, "snapshots": null, "memory": null, "statevector": null, "unitary": null}}, {"shots": 8192, "success": true, "status": "done", "seed": null, "meas_level": 2, "meas_return": null, "header": {"qubit_labels": [["q", 0], ["q", 1], ["q", 2], ["q", 3], ["q", 4], ["q", 5], ["q", 6]], "n_qubits": 7, "qreg_sizes": [["q", 7]], "clbit_labels": [["cr_anc", 0], ["cr", 0], ["cr", 1], ["cr", 2], ["cr", 3]], "memory_slots": 5, "creg_sizes": [["cr_anc", 1], ["cr", 4]], "name": "qc_dsp_X", "global_phase": 0.7853981633974483, "metadata": {}}, "data": {"counts": {"0x0": 1309, "0x1": 1213, "0x10": 227, "0x11": 188, "0x12": 46, "0x13": 31, "0x14": 173, "0x15": 196, "0x16": 36, "0x17": 35, "0x18": 82, "0x19": 103, "0x1a": 32, "0x1b": 34, "0x1c": 85, "0x1d": 107, "0x1e": 32, "0x1f": 16, "0x2": 217, "0x3": 238, "0x4": 1202, "0x5": 1240, "0x6": 218, "0x7": 186, "0x8": 154, "0x9": 129, "0xa": 71, "0xb": 72, "0xc": 191, "0xd": 202, "0xe": 71, "0xf": 56}, "snapshots": null, "memory": null, "statevector": null, "unitary": null}}, {"shots": 8192, "success": true, "status": "done", "seed": null, "meas_level": 2, "meas_return": null, "header": {"qubit_labels": [["q", 0], ["q", 1], ["q", 2], ["q", 3], ["q", 4], ["q", 5], ["q", 6]], "n_qubits": 7, "qreg_sizes": [["q", 7]], "clbit_labels": [["cr_anc", 0], ["cr", 0], ["cr", 1], ["cr", 2], ["cr", 3]], "memory_slots": 5, "creg_sizes": [["cr_anc", 1], ["cr", 4]], "name": "qc_dsp_X", "global_phase": 2.356194490192345, "metadata": {}}, "data": {"counts": {"0x0": 1978, "0x1": 917, "0x10": 228, "0x11": 99, "0x12": 20, "0x13": 30, "0x14": 118, "0x15": 194, "0x16": 30, "0x17": 29, "0x18": 76, "0x19": 80, "0x1a": 16, "0x1b": 26, "0x1c": 62, "0x1d": 76, "0x1e": 13, "0x1f": 16, "0x2": 191, "0x3": 206, "0x4": 844, "0x5": 1634, "0x6": 220, "0x7": 209, "0x8": 139, "0x9": 227, "0xa": 33, "0xb": 42, "0xc": 130, "0xd": 186, "0xe": 50, "0xf": 73}, "snapshots": null, "memory": null, "statevector": null, "unitary": null}}, {"shots": 8192, "success": true, "status": "done", "seed": null, "meas_level": 2, "meas_return": null, "header": {"qubit_labels": [["q", 0], ["q", 1], ["q", 2], ["q", 3], ["q", 4], ["q", 5], ["q", 6]], "n_qubits": 7, "qreg_sizes": [["q", 7]], "clbit_labels": [["cr_anc", 0], ["cr", 0], ["cr", 1], ["cr", 2], ["cr", 3]], "memory_slots": 5, "creg_sizes": [["cr_anc", 1], ["cr", 4]], "name": "qc_dsp_X", "global_phase": 5.497787143782138, "metadata": {}}, "data": {"counts": {"0x0": 1366, "0x1": 1183, "0x10": 250, "0x11": 169, "0x12": 40, "0x13": 38, "0x14": 183, "0x15": 194, "0x16": 34, "0x17": 40, "0x18": 113, "0x19": 102, "0x1a": 24, "0x1b": 19, "0x1c": 86, "0x1d": 91, "0x1e": 20, "0x1f": 29, "0x2": 184, "0x3": 201, "0x4": 1085, "0x5": 1247, "0x6": 215, "0x7": 199, "0x8": 214, "0x9": 213, "0xa": 75, "0xb": 62, "0xc": 185, "0xd": 182, "0xe": 74, "0xf": 75}, "snapshots": null, "memory": null, "statevector": null, "unitary": null}}, {"shots": 8192, "success": true, "status": "done", "seed": null, "meas_level": 2, "meas_return": null, "header": {"qubit_labels": [["q", 0], ["q", 1], ["q", 2], ["q", 3], ["q", 4], ["q", 5], ["q", 6]], "n_qubits": 7, "qreg_sizes": [["q", 7]], "clbit_labels": [["cr_anc", 0], ["cr", 0], ["cr", 1], ["cr", 2], ["cr", 3]], "memory_slots": 5, "creg_sizes": [["cr_anc", 1], ["cr", 4]], "name": "qc_dsp_X", "global_phase": 2.356194490192345, "metadata": {}}, "data": {"counts": {"0x0": 1080, "0x1": 1130, "0x10": 188, "0x11": 232, "0x12": 58, "0x13": 50, "0x14": 254, "0x15": 231, "0x16": 47, "0x17": 57, "0x18": 128, "0x19": 134, "0x1a": 37, "0x1b": 28, "0x1c": 117, "0x1d": 136, "0x1e": 27, "0x1f": 25, "0x2": 241, "0x3": 219, "0x4": 1110, "0x5": 1123, "0x6": 221, "0x7": 200, "0x8": 214, "0x9": 218, "0xa": 69, "0xb": 67, "0xc": 202, "0xd": 212, "0xe": 70, "0xf": 67}, "snapshots": null, "memory": null, "statevector": null, "unitary": null}}, {"shots": 8192, "success": true, "status": "done", "seed": null, "meas_level": 2, "meas_return": null, "header": {"qubit_labels": [["q", 0], ["q", 1], ["q", 2], ["q", 3], ["q", 4], ["q", 5], ["q", 6]], "n_qubits": 7, "qreg_sizes": [["q", 7]], "clbit_labels": [["cr_anc", 0], ["cr", 0], ["cr", 1], ["cr", 2], ["cr", 3]], "memory_slots": 5, "creg_sizes": [["cr_anc", 1], ["cr", 4]], "name": "qc_dsp_X", "global_phase": 3.9269908169872414, "metadata": {}}, "data": {"counts": {"0x0": 1516, "0x1": 761, "0x10": 220, "0x11": 117, "0x12": 32, "0x13": 51, "0x14": 119, "0x15": 175, "0x16": 80, "0x17": 47, "0x18": 110, "0x19": 65, "0x1a": 38, "0x1b": 45, "0x1c": 95, "0x1d": 105, "0x1e": 31, "0x1f": 33, "0x2": 252, "0x3": 437, "0x4": 711, "0x5": 1223, "0x6": 468, "0x7": 361, "0x8": 171, "0x9": 209, "0xa": 99, "0xb": 68, "0xc": 168, "0xd": 182, "0xe": 83, "0xf": 120}, "snapshots": null, "memory": null, "statevector": null, "unitary": null}}, {"shots": 8192, "success": true, "status": "done", "seed": null, "meas_level": 2, "meas_return": null, "header": {"qubit_labels": [["q", 0], ["q", 1], ["q", 2], ["q", 3], ["q", 4], ["q", 5], ["q", 6]], "n_qubits": 7, "qreg_sizes": [["q", 7]], "clbit_labels": [["cr_anc", 0], ["cr", 0], ["cr", 1], ["cr", 2], ["cr", 3]], "memory_slots": 5, "creg_sizes": [["cr_anc", 1], ["cr", 4]], "name": "qc_dsp_X", "global_phase": 0.7853981633974483, "metadata": {}}, "data": {"counts": {"0x0": 1152, "0x1": 913, "0x10": 236, "0x11": 175, "0x12": 62, "0x13": 90, "0x14": 165, "0x15": 216, "0x16": 64, "0x17": 67, "0x18": 126, "0x19": 124, "0x1a": 43, "0x1b": 45, "0x1c": 95, "0x1d": 124, "0x1e": 54, "0x1f": 42, "0x2": 253, "0x3": 359, "0x4": 859, "0x5": 1025, "0x6": 380, "0x7": 318, "0x8": 183, "0x9": 190, "0xa": 131, "0xb": 112, "0xc": 183, "0xd": 182, "0xe": 98, "0xf": 126}, "snapshots": null, "memory": null, "statevector": null, "unitary": null}}, {"shots": 8192, "success": true, "status": "done", "seed": null, "meas_level": 2, "meas_return": null, "header": {"qubit_labels": [["q", 0], ["q", 1], ["q", 2], ["q", 3], ["q", 4], ["q", 5], ["q", 6]], "n_qubits": 7, "qreg_sizes": [["q", 7]], "clbit_labels": [["cr_anc", 0], ["cr", 0], ["cr", 1], ["cr", 2], ["cr", 3]], "memory_slots": 5, "creg_sizes": [["cr_anc", 1], ["cr", 4]], "name": "qc_dsp_X", "global_phase": 3.9269908169872414, "metadata": {}}, "data": {"counts": {"0x0": 934, "0x1": 924, "0x10": 240, "0x11": 237, "0x12": 80, "0x13": 73, "0x14": 238, "0x15": 234, "0x16": 78, "0x17": 73, "0x18": 148, "0x19": 136, "0x1a": 61, "0x1b": 69, "0x1c": 128, "0x1d": 131, "0x1e": 38, "0x1f": 50, "0x2": 281, "0x3": 294, "0x4": 1003, "0x5": 955, "0x6": 298, "0x7": 291, "0x8": 218, "0x9": 212, "0xa": 100, "0xb": 94, "0xc": 204, "0xd": 175, "0xe": 104, "0xf": 91}, "snapshots": null, "memory": null, "statevector": null, "unitary": null}}], "error": null}