{"backend_name": "ibmq_jakarta", "backend_version": "1.2.7", "qobj_id": "e70fd311-a82c-4fda-9bfb-1039e293e80e", "job_id": "6408867b0ba26e78d9cb6986", "date": "2023-03-08T13:03:50Z", "success": true, "status": "Successful completion", "execution_id": "7da5edb8-bdb1-11ed-8775-bc97e15b08d0", "time_taken": 76.70399069786072, "header": {"backend_name": "ibmq_jakarta", "backend_version": "1.2.7"}, "results": [{"shots": 8192, "success": true, "status": "done", "seed": null, "meas_level": 2, "meas_return": null, "header": {"qubit_labels": [["q", 0], ["q", 1], ["q", 2], ["q", 3], ["q", 4], ["q", 5], ["q", 6]], "n_qubits": 7, "qreg_sizes": [["q", 7]], "clbit_labels": [["cr_anc", 0], ["cr", 0], ["cr", 1], ["cr", 2], ["cr", 3]], "memory_slots": 5, "creg_sizes": [["cr_anc", 1], ["cr", 4]], "name": "qc_dsp_X", "global_phase": 0.7853981633974492, "metadata": {}}, "data": {"counts": {"0x0": 2500, "0x1": 719, "0x10": 185, "0x11": 75, "0x12": 12, "0x13": 14, "0x14": 72, "0x15": 212, "0x16": 28, "0x17": 12, "0x18": 36, "0x19": 56, "0x1a": 7, "0x1b": 10, "0x1c": 48, "0x1d": 60, "0x1e": 4, "0x1f": 6, "0x2": 100, "0x3": 189, "0x4": 604, "0x5": 2173, "0x6": 179, "0x7": 144, "0x8": 113, "0x9": 143, "0xa": 25, "0xb": 42, "0xc": 116, "0xd": 206, "0xe": 32, "0xf": 70}, "snapshots": null, "memory": null, "statevector": null, "unitary": null}}, {"shots": 8192, "success": true, "status": "done", "seed": null, "meas_level": 2, "meas_return": null, "header": {"qubit_labels": [["q", 0], ["q", 1], ["q", 2], ["q", 3], ["q", 4], ["q", 5], ["q", 6]], "n_qubits": 7, "qreg_sizes": [["q", 7]], "clbit_labels": [["cr_anc", 0], ["cr", 0], ["cr", 1], ["cr", 2], ["cr", 3]], "memory_slots": 5, "creg_sizes": [["cr_anc", 1], ["cr", 4]], "name": "qc_dsp_Z", "global_phase": 1.5707963267948974, "metadata": {}}, "data": {"counts": {"0x0": 1710, "0x1": 1468, "0x10": 215, "0x11": 99, "0x12": 21, "0x13": 10, "0x14": 158, "0x15": 128, "0x16": 9, "0x17": 15, "0x18": 70, "0x19": 30, "0x1a": 9, "0x1b": 10, "0x1c": 24, "0x1d": 43, "0x1e": 7, "0x1f": 7, "0x2": 188, "0x3": 113, "0x4": 1175, "0x5": 1626, "0x6": 89, "0x7": 203, "0x8": 161, "0x9": 86, "0xa": 43, "0xb": 35, "0xc": 143, "0xd": 206, "0xe": 53, "0xf": 38}, "snapshots": null, "memory": null, "statevector": null, "unitary": null}}, {"shots": 8192, "success": true, "status": "done", "seed": null, "meas_level": 2, "meas_return": null, "header": {"qubit_labels": [["q", 0], ["q", 1], ["q", 2], ["q", 3], ["q", 4], ["q", 5], ["q", 6]], "n_qubits": 7, "qreg_sizes": [["q", 7]], "clbit_labels": [["cr_anc", 0], ["cr", 0], ["cr", 1], ["cr", 2], ["cr", 3]], "memory_slots": 5, "creg_sizes": [["cr_anc", 1], ["cr", 4]], "name": "qc_dsp_Z", "global_phase": 1.5707963267948974, "metadata": {}}, "data": {"counts": {"0x0": 2052, "0x1": 830, "0x10": 203, "0x11": 77, "0x12": 45, "0x13": 43, "0x14": 59, "0x15": 42, "0x16": 83, "0x17": 108, "0x18": 45, "0x19": 32, "0x1a": 50, "0x1b": 58, "0x1c": 65, "0x1d": 43, "0x1e": 40, "0x1f": 43, "0x2": 417, "0x3": 407, "0x4": 220, "0x5": 239, "0x6": 700, "0x7": 734, "0x8": 117, "0x9": 95, "0xa": 250, "0xb": 187, "0xc": 144, "0xd": 77, "0xe": 318, "0xf": 369}, "snapshots": null, "memory": null, "statevector": null, "unitary": null}}, {"shots": 8192, "success": true, "status": "done", "seed": null, "meas_level": 2, "meas_return": null, "header": {"qubit_labels": [["q", 0], ["q", 1], ["q", 2], ["q", 3], ["q", 4], ["q", 5], ["q", 6]], "n_qubits": 7, "qreg_sizes": [["q", 7]], "clbit_labels": [["cr_anc", 0], ["cr", 0], ["cr", 1], ["cr", 2], ["cr", 3]], "memory_slots": 5, "creg_sizes": [["cr_anc", 1], ["cr", 4]], "name": "qc_dsp_Z", "global_phase": 1.5707963267948974, "metadata": {}}, "data": {"counts": {"0x0": 1931, "0x1": 876, "0x10": 277, "0x11": 82, "0x12": 62, "0x13": 81, "0x14": 108, "0x15": 73, "0x16": 142, "0x17": 130, "0x18": 81, "0x19": 92, "0x1a": 64, "0x1b": 42, "0x1c": 49, "0x1d": 44, "0x1e": 56, "0x1f": 63, "0x2": 247, "0x3": 223, "0x4": 541, "0x5": 452, "0x6": 795, "0x7": 543, "0x8": 132, "0x9": 144, "0xa": 121, "0xb": 78, "0xc": 141, "0xd": 121, "0xe": 170, "0xf": 231}, "snapshots": null, "memory": null, "statevector": null, "unitary": null}}, {"shots": 8192, "success": true, "status": "done", "seed": null, "meas_level": 2, "meas_return": null, "header": {"qubit_labels": [["q", 0], ["q", 1], ["q", 2], ["q", 3], ["q", 4], ["q", 5], ["q", 6]], "n_qubits": 7, "qreg_sizes": [["q", 7]], "clbit_labels": [["cr_anc", 0], ["cr", 0], ["cr", 1], ["cr", 2], ["cr", 3]], "memory_slots": 5, "creg_sizes": [["cr_anc", 1], ["cr", 4]], "name": "qc_dsp_Z", "global_phase": 1.5707963267948974, "metadata": {}}, "data": {"counts": {"0x0": 1681, "0x1": 458, "0x10": 194, "0x11": 105, "0x12": 60, "0x13": 55, "0x14": 127, "0x15": 95, "0x16": 159, "0x17": 98, "0x18": 167, "0x19": 141, "0x1a": 107, "0x1b": 72, "0x1c": 118, "0x1d": 95, "0x1e": 166, "0x1f": 82, "0x2": 264, "0x3": 253, "0x4": 854, "0x5": 422, "0x6": 937, "0x7": 511, "0x8": 165, "0x9": 79, "0xa": 124, "0xb": 116, "0xc": 232, "0xd": 101, "0xe": 86, "0xf": 68}, "snapshots": null, "memory": null, "statevector": null, "unitary": null}}, {"shots": 8192, "success": true, "status": "done", "seed": null, "meas_level": 2, "meas_return": null, "header": {"qubit_labels": [["q", 0], ["q", 1], ["q", 2], ["q", 3], ["q", 4], ["q", 5], ["q", 6]], "n_qubits": 7, "qreg_sizes": [["q", 7]], "clbit_labels": [["cr_anc", 0], ["cr", 0], ["cr", 1], ["cr", 2], ["cr", 3]], "memory_slots": 5, "creg_sizes": [["cr_anc", 1], ["cr", 4]], "name": "qc_dsp_Z", "global_phase": 8.881784197001252e-16, "metadata": {}}, "data": {"counts": {"0x0": 1546, "0x1": 1497, "0x10": 196, "0x11": 120, "0x12": 47, "0x13": 7, "0x14": 171, "0x15": 132, "0x16": 14, "0x17": 8, "0x18": 62, "0x19": 52, "0x1a": 9, "0x1b": 9, "0x1c": 38, "0x1d": 74, "0x1e": 17, "0x1f": 9, "0x2": 222, "0x3": 100, "0x4": 1221, "0x5": 1582, "0x6": 102, "0x7": 164, "0x8": 162, "0x9": 86, "0xa": 34, "0xb": 47, "0xc": 148, "0xd": 237, "0xe": 48, "0xf": 31}, "snapshots": null, "memory": null, "statevector": null, "unitary": null}}, {"shots": 8192, "success": true, "status": "done", "seed": null, "meas_level": 2, "meas_return": null, "header": {"qubit_labels": [["q", 0], ["q", 1], ["q", 2], ["q", 3], ["q", 4], ["q", 5], ["q", 6]], "n_qubits": 7, "qreg_sizes": [["q", 7]], "clbit_labels": [["cr_anc", 0], ["cr", 0], ["cr", 1], ["cr", 2], ["cr", 3]], "memory_slots": 5, "creg_sizes": [["cr_anc", 1], ["cr", 4]], "name": "qc_dsp_Z", "global_phase": 8.881784197001252e-16, "metadata": {}}, "data": {"counts": {"0x0": 1847, "0x1": 918, "0x10": 132, "0x11": 165, "0x12": 38, "0x13": 53, "0x14": 36, "0x15": 34, "0x16": 37, "0x17": 48, "0x18": 136, "0x19": 48, "0x1a": 108, "0x1b": 98, "0x1c": 83, "0x1d": 48, "0x1e": 152, "0x1f": 164, "0x2": 166, "0x3": 182, "0x4": 344, "0x5": 288, "0x6": 439, "0x7": 465, "0x8": 247, "0x9": 219, "0xa": 266, "0xb": 357, "0xc": 183, "0xd": 160, "0xe": 346, "0xf": 385}, "snapshots": null, "memory": null, "statevector": null, "unitary": null}}, {"shots": 8192, "success": true, "status": "done", "seed": null, "meas_level": 2, "meas_return": null, "header": {"qubit_labels": [["q", 0], ["q", 1], ["q", 2], ["q", 3], ["q", 4], ["q", 5], ["q", 6]], "n_qubits": 7, "qreg_sizes": [["q", 7]], "clbit_labels": [["cr_anc", 0], ["cr", 0], ["cr", 1], ["cr", 2], ["cr", 3]], "memory_slots": 5, "creg_sizes": [["cr_anc", 1], ["cr", 4]], "name": "qc_dsp_Z", "global_phase": 8.881784197001252e-16, "metadata": {}}, "data": {"counts": {"0x0": 1364, "0x1": 533, "0x10": 226, "0x11": 522, "0x12": 156, "0x13": 185, "0x14": 198, "0x15": 187, "0x16": 455, "0x17": 417, "0x18": 180, "0x19": 252, "0x1a": 79, "0x1b": 89, "0x1c": 118, "0x1d": 145, "0x1e": 118, "0x1f": 142, "0x2": 173, "0x3": 193, "0x4": 523, "0x5": 242, "0x6": 417, "0x7": 434, "0x8": 150, "0x9": 97, "0xa": 92, "0xb": 108, "0xc": 149, "0xd": 88, "0xe": 120, "0xf": 40}, "snapshots": null, "memory": null, "statevector": null, "unitary": null}}, {"shots": 8192, "success": true, "status": "done", "seed": null, "meas_level": 2, "meas_return": null, "header": {"qubit_labels": [["q", 0], ["q", 1], ["q", 2], ["q", 3], ["q", 4], ["q", 5], ["q", 6]], "n_qubits": 7, "qreg_sizes": [["q", 7]], "clbit_labels": [["cr_anc", 0], ["cr", 0], ["cr", 1], ["cr", 2], ["cr", 3]], "memory_slots": 5, "creg_sizes": [["cr_anc", 1], ["cr", 4]], "name": "qc_dsp_Z", "global_phase": 1.5707963267948974, "metadata": {}}, "data": {"counts": {"0x0": 1719, "0x1": 1443, "0x10": 194, "0x11": 124, "0x12": 18, "0x13": 14, "0x14": 135, "0x15": 101, "0x16": 14, "0x17": 11, "0x18": 73, "0x19": 42, "0x1a": 8, "0x1b": 9, "0x1c": 37, "0x1d": 67, "0x1e": 6, "0x1f": 7, "0x2": 177, "0x3": 112, "0x4": 1180, "0x5": 1624, "0x6": 101, "0x7": 224, "0x8": 161, "0x9": 81, "0xa": 41, "0xb": 51, "0xc": 125, "0xd": 204, "0xe": 42, "0xf": 47}, "snapshots": null, "memory": null, "statevector": null, "unitary": null}}, {"shots": 8192, "success": true, "status": "done", "seed": null, "meas_level": 2, "meas_return": null, "header": {"qubit_labels": [["q", 0], ["q", 1], ["q", 2], ["q", 3], ["q", 4], ["q", 5], ["q", 6]], "n_qubits": 7, "qreg_sizes": [["q", 7]], "clbit_labels": [["cr_anc", 0], ["cr", 0], ["cr", 1], ["cr", 2], ["cr", 3]], "memory_slots": 5, "creg_sizes": [["cr_anc", 1], ["cr", 4]], "name": "qc_dsp_Z", "global_phase": 1.5707963267948974, "metadata": {}}, "data": {"counts": {"0x0": 2039, "0x1": 856, "0x10": 191, "0x11": 69, "0x12": 51, "0x13": 48, "0x14": 62, "0x15": 35, "0x16": 85, "0x17": 105, "0x18": 31, "0x19": 43, "0x1a": 37, "0x1b": 55, "0x1c": 54, "0x1d": 27, "0x1e": 39, "0x1f": 46, "0x2": 432, "0x3": 438, "0x4": 179, "0x5": 256, "0x6": 661, "0x7": 708, "0x8": 111, "0x9": 105, "0xa": 261, "0xb": 208, "0xc": 135, "0xd": 102, "0xe": 303, "0xf": 420}, "snapshots": null, "memory": null, "statevector": null, "unitary": null}}, {"shots": 8192, "success": true, "status": "done", "seed": null, "meas_level": 2, "meas_return": null, "header": {"qubit_labels": [["q", 0], ["q", 1], ["q", 2], ["q", 3], ["q", 4], ["q", 5], ["q", 6]], "n_qubits": 7, "qreg_sizes": [["q", 7]], "clbit_labels": [["cr_anc", 0], ["cr", 0], ["cr", 1], ["cr", 2], ["cr", 3]], "memory_slots": 5, "creg_sizes": [["cr_anc", 1], ["cr", 4]], "name": "qc_dsp_Z", "global_phase": 1.5707963267948974, "metadata": {}}, "data": {"counts": {"0x0": 1960, "0x1": 814, "0x10": 284, "0x11": 96, "0x12": 67, "0x13": 89, "0x14": 106, "0x15": 85, "0x16": 151, "0x17": 138, "0x18": 61, "0x19": 95, "0x1a": 56, "0x1b": 42, "0x1c": 55, "0x1d": 42, "0x1e": 53, "0x1f": 78, "0x2": 265, "0x3": 218, "0x4": 532, "0x5": 464, "0x6": 797, "0x7": 529, "0x8": 130, "0x9": 163, "0xa": 117, "0xb": 85, "0xc": 144, "0xd": 106, "0xe": 169, "0xf": 201}, "snapshots": null, "memory": null, "statevector": null, "unitary": null}}, {"shots": 8192, "success": true, "status": "done", "seed": null, "meas_level": 2, "meas_return": null, "header": {"qubit_labels": [["q", 0], ["q", 1], ["q", 2], ["q", 3], ["q", 4], ["q", 5], ["q", 6]], "n_qubits": 7, "qreg_sizes": [["q", 7]], "clbit_labels": [["cr_anc", 0], ["cr", 0], ["cr", 1], ["cr", 2], ["cr", 3]], "memory_slots": 5, "creg_sizes": [["cr_anc", 1], ["cr", 4]], "name": "qc_dsp_Z", "global_phase": 1.5707963267948974, "metadata": {}}, "data": {"counts": {"0x0": 1700, "0x1": 439, "0x10": 206, "0x11": 83, "0x12": 50, "0x13": 59, "0x14": 123, "0x15": 80, "0x16": 168, "0x17": 106, "0x18": 194, "0x19": 141, "0x1a": 114, "0x1b": 61, "0x1c": 126, "0x1d": 90, "0x1e": 166, "0x1f": 79, "0x2": 250, "0x3": 229, "0x4": 826, "0x5": 435, "0x6": 963, "0x7": 515, "0x8": 174, "0x9": 91, "0xa": 113, "0xb": 108, "0xc": 255, "0xd": 96, "0xe": 86, "0xf": 66}, "snapshots": null, "memory": null, "statevector": null, "unitary": null}}, {"shots": 8192, "success": true, "status": "done", "seed": null, "meas_level": 2, "meas_return": null, "header": {"qubit_labels": [["q", 0], ["q", 1], ["q", 2], ["q", 3], ["q", 4], ["q", 5], ["q", 6]], "n_qubits": 7, "qreg_sizes": [["q", 7]], "clbit_labels": [["cr_anc", 0], ["cr", 0], ["cr", 1], ["cr", 2], ["cr", 3]], "memory_slots": 5, "creg_sizes": [["cr_anc", 1], ["cr", 4]], "name": "qc_dsp_Z", "global_phase": 8.881784197001252e-16, "metadata": {}}, "data": {"counts": {"0x0": 1474, "0x1": 1564, "0x10": 208, "0x11": 119, "0x12": 36, "0x13": 17, "0x14": 161, "0x15": 142, "0x16": 19, "0x17": 13, "0x18": 66, "0x19": 45, "0x1a": 10, "0x1b": 4, "0x1c": 27, "0x1d": 80, "0x1e": 10, "0x1f": 9, "0x2": 197, "0x3": 90, "0x4": 1281, "0x5": 1593, "0x6": 114, "0x7": 155, "0x8": 158, "0x9": 87, "0xa": 50, "0xb": 40, "0xc": 139, "0xd": 203, "0xe": 42, "0xf": 39}, "snapshots": null, "memory": null, "statevector": null, "unitary": null}}, {"shots": 8192, "success": true, "status": "done", "seed": null, "meas_level": 2, "meas_return": null, "header": {"qubit_labels": [["q", 0], ["q", 1], ["q", 2], ["q", 3], ["q", 4], ["q", 5], ["q", 6]], "n_qubits": 7, "qreg_sizes": [["q", 7]], "clbit_labels": [["cr_anc", 0], ["cr", 0], ["cr", 1], ["cr", 2], ["cr", 3]], "memory_slots": 5, "creg_sizes": [["cr_anc", 1], ["cr", 4]], "name": "qc_dsp_Z", "global_phase": 8.881784197001252e-16, "metadata": {}}, "data": {"counts": {"0x0": 1878, "0x1": 904, "0x10": 138, "0x11": 150, "0x12": 40, "0x13": 55, "0x14": 36, "0x15": 40, "0x16": 65, "0x17": 55, "0x18": 129, "0x19": 51, "0x1a": 103, "0x1b": 127, "0x1c": 74, "0x1d": 48, "0x1e": 136, "0x1f": 158, "0x2": 144, "0x3": 165, "0x4": 341, "0x5": 287, "0x6": 470, "0x7": 461, "0x8": 246, "0x9": 249, "0xa": 273, "0xb": 311, "0xc": 162, "0xd": 157, "0xe": 356, "0xf": 383}, "snapshots": null, "memory": null, "statevector": null, "unitary": null}}, {"shots": 8192, "success": true, "status": "done", "seed": null, "meas_level": 2, "meas_return": null, "header": {"qubit_labels": [["q", 0], ["q", 1], ["q", 2], ["q", 3], ["q", 4], ["q", 5], ["q", 6]], "n_qubits": 7, "qreg_sizes": [["q", 7]], "clbit_labels": [["cr_anc", 0], ["cr", 0], ["cr", 1], ["cr", 2], ["cr", 3]], "memory_slots": 5, "creg_sizes": [["cr_anc", 1], ["cr", 4]], "name": "qc_dsp_Z", "global_phase": 8.881784197001252e-16, "metadata": {}}, "data": {"counts": {"0x0": 1371, "0x1": 573, "0x10": 244, "0x11": 535, "0x12": 164, "0x13": 182, "0x14": 183, "0x15": 210, "0x16": 414, "0x17": 422, "0x18": 194, "0x19": 257, "0x1a": 76, "0x1b": 94, "0x1c": 129, "0x1d": 118, "0x1e": 85, "0x1f": 110, "0x2": 147, "0x3": 189, "0x4": 546, "0x5": 222, "0x6": 397, "0x7": 439, "0x8": 153, "0x9": 93, "0xa": 108, "0xb": 114, "0xc": 167, "0xd": 79, "0xe": 116, "0xf": 61}, "snapshots": null, "memory": null, "statevector": null, "unitary": null}}, {"shots": 8192, "success": true, "status": "done", "seed": null, "meas_level": 2, "meas_return": null, "header": {"qubit_labels": [["q", 0], ["q", 1], ["q", 2], ["q", 3], ["q", 4], ["q", 5], ["q", 6]], "n_qubits": 7, "qreg_sizes": [["q", 7]], "clbit_labels": [["cr_anc", 0], ["cr", 0], ["cr", 1], ["cr", 2], ["cr", 3]], "memory_slots": 5, "creg_sizes": [["cr_anc", 1], ["cr", 4]], "name": "qc_dsp_X", "global_phase": 0.7853981633974492, "metadata": {}}, "data": {"counts": {"0x0": 2455, "0x1": 701, "0x10": 209, "0x11": 74, "0x12": 19, "0x13": 23, "0x14": 55, "0x15": 222, "0x16": 12, "0x17": 11, "0x18": 57, "0x19": 51, "0x1a": 6, "0x1b": 7, "0x1c": 40, "0x1d": 45, "0x1e": 8, "0x1f": 7, "0x2": 116, "0x3": 182, "0x4": 645, "0x5": 2229, "0x6": 169, "0x7": 134, "0x8": 87, "0x9": 139, "0xa": 32, "0xb": 33, "0xc": 112, "0xd": 216, "0xe": 33, "0xf": 63}, "snapshots": null, "memory": null, "statevector": null, "unitary": null}}, {"shots": 8192, "success": true, "status": "done", "seed": null, "meas_level": 2, "meas_return": null, "header": {"qubit_labels": [["q", 0], ["q", 1], ["q", 2], ["q", 3], ["q", 4], ["q", 5], ["q", 6]], "n_qubits": 7, "qreg_sizes": [["q", 7]], "clbit_labels": [["cr_anc", 0], ["cr", 0], ["cr", 1], ["cr", 2], ["cr", 3]], "memory_slots": 5, "creg_sizes": [["cr_anc", 1], ["cr", 4]], "name": "qc_dsp_Z", "global_phase": 3.141592653589794, "metadata": {}}, "data": {"counts": {"0x0": 4598, "0x1": 97, "0x10": 424, "0x11": 12, "0x12": 27, "0x13": 25, "0x14": 44, "0x15": 43, "0x16": 21, "0x17": 13, "0x18": 77, "0x19": 59, "0x1a": 24, "0x1b": 23, "0x1c": 71, "0x1d": 17, "0x1e": 16, "0x1f": 12, "0x2": 273, "0x3": 188, "0x4": 195, "0x5": 187, "0x6": 206, "0x7": 108, "0x8": 301, "0x9": 431, "0xa": 155, "0xb": 114, "0xc": 196, "0xd": 66, "0xe": 89, "0xf": 80}, "snapshots": null, "memory": null, "statevector": null, "unitary": null}}, {"shots": 8192, "success": true, "status": "done", "seed": null, "meas_level": 2, "meas_return": null, "header": {"qubit_labels": [["q", 0], ["q", 1], ["q", 2], ["q", 3], ["q", 4], ["q", 5], ["q", 6]], "n_qubits": 7, "qreg_sizes": [["q", 7]], "clbit_labels": [["cr_anc", 0], ["cr", 0], ["cr", 1], ["cr", 2], ["cr", 3]], "memory_slots": 5, "creg_sizes": [["cr_anc", 1], ["cr", 4]], "name": "qc_dsp_Z", "global_phase": 3.141592653589794, "metadata": {}}, "data": {"counts": {"0x0": 4207, "0x1": 146, "0x10": 588, "0x11": 174, "0x12": 52, "0x13": 20, "0x14": 89, "0x15": 37, "0x16": 40, "0x17": 11, "0x18": 79, "0x19": 103, "0x1a": 24, "0x1b": 24, "0x1c": 119, "0x1d": 74, "0x1e": 21, "0x1f": 18, "0x2": 374, "0x3": 18, "0x4": 539, "0x5": 62, "0x6": 344, "0x7": 23, "0x8": 229, "0x9": 333, "0xa": 38, "0xb": 55, "0xc": 112, "0xd": 144, "0xe": 49, "0xf": 46}, "snapshots": null, "memory": null, "statevector": null, "unitary": null}}, {"shots": 8192, "success": true, "status": "done", "seed": null, "meas_level": 2, "meas_return": null, "header": {"qubit_labels": [["q", 0], ["q", 1], ["q", 2], ["q", 3], ["q", 4], ["q", 5], ["q", 6]], "n_qubits": 7, "qreg_sizes": [["q", 7]], "clbit_labels": [["cr_anc", 0], ["cr", 0], ["cr", 1], ["cr", 2], ["cr", 3]], "memory_slots": 5, "creg_sizes": [["cr_anc", 1], ["cr", 4]], "name": "qc_dsp_Z", "global_phase": 3.141592653589794, "metadata": {}}, "data": {"counts": {"0x0": 3297, "0x1": 71, "0x10": 403, "0x11": 154, "0x12": 51, "0x13": 17, "0x14": 156, "0x15": 53, "0x16": 71, "0x17": 28, "0x18": 288, "0x19": 98, "0x1a": 47, "0x1b": 23, "0x1c": 253, "0x1d": 62, "0x1e": 77, "0x1f": 24, "0x2": 356, "0x3": 16, "0x4": 1173, "0x5": 49, "0x6": 505, "0x7": 11, "0x8": 225, "0x9": 52, "0xa": 89, "0xb": 15, "0xc": 415, "0xd": 35, "0xe": 72, "0xf": 6}, "snapshots": null, "memory": null, "statevector": null, "unitary": null}}, {"shots": 8192, "success": true, "status": "done", "seed": null, "meas_level": 2, "meas_return": null, "header": {"qubit_labels": [["q", 0], ["q", 1], ["q", 2], ["q", 3], ["q", 4], ["q", 5], ["q", 6]], "n_qubits": 7, "qreg_sizes": [["q", 7]], "clbit_labels": [["cr_anc", 0], ["cr", 0], ["cr", 1], ["cr", 2], ["cr", 3]], "memory_slots": 5, "creg_sizes": [["cr_anc", 1], ["cr", 4]], "name": "qc_dsp_Z", "global_phase": 1.5707963267948974, "metadata": {}}, "data": {"counts": {"0x0": 3460, "0x1": 279, "0x10": 175, "0x11": 204, "0x12": 8, "0x13": 14, "0x14": 47, "0x15": 39, "0x16": 10, "0x17": 15, "0x18": 365, "0x19": 141, "0x1a": 38, "0x1b": 20, "0x1c": 115, "0x1d": 70, "0x1e": 28, "0x1f": 14, "0x2": 205, "0x3": 46, "0x4": 394, "0x5": 69, "0x6": 236, "0x7": 38, "0x8": 654, "0x9": 718, "0xa": 94, "0xb": 120, "0xc": 279, "0xd": 136, "0xe": 78, "0xf": 83}, "snapshots": null, "memory": null, "statevector": null, "unitary": null}}, {"shots": 8192, "success": true, "status": "done", "seed": null, "meas_level": 2, "meas_return": null, "header": {"qubit_labels": [["q", 0], ["q", 1], ["q", 2], ["q", 3], ["q", 4], ["q", 5], ["q", 6]], "n_qubits": 7, "qreg_sizes": [["q", 7]], "clbit_labels": [["cr_anc", 0], ["cr", 0], ["cr", 1], ["cr", 2], ["cr", 3]], "memory_slots": 5, "creg_sizes": [["cr_anc", 1], ["cr", 4]], "name": "qc_dsp_Z", "global_phase": 1.5707963267948974, "metadata": {}}, "data": {"counts": {"0x0": 2239, "0x1": 436, "0x10": 506, "0x11": 1219, "0x12": 65, "0x13": 104, "0x14": 126, "0x15": 147, "0x16": 67, "0x17": 127, "0x18": 175, "0x19": 432, "0x1a": 19, "0x1b": 50, "0x1c": 158, "0x1d": 152, "0x1e": 42, "0x1f": 38, "0x2": 202, "0x3": 48, "0x4": 633, "0x5": 94, "0x6": 231, "0x7": 55, "0x8": 204, "0x9": 78, "0xa": 61, "0xb": 14, "0xc": 339, "0xd": 65, "0xe": 48, "0xf": 18}, "snapshots": null, "memory": null, "statevector": null, "unitary": null}}, {"shots": 8192, "success": true, "status": "done", "seed": null, "meas_level": 2, "meas_return": null, "header": {"qubit_labels": [["q", 0], ["q", 1], ["q", 2], ["q", 3], ["q", 4], ["q", 5], ["q", 6]], "n_qubits": 7, "qreg_sizes": [["q", 7]], "clbit_labels": [["cr_anc", 0], ["cr", 0], ["cr", 1], ["cr", 2], ["cr", 3]], "memory_slots": 5, "creg_sizes": [["cr_anc", 1], ["cr", 4]], "name": "qc_dsp_Z", "global_phase": 3.141592653589794, "metadata": {}}, "data": {"counts": {"0x0": 2158, "0x1": 849, "0x10": 273, "0x11": 116, "0x12": 90, "0x13": 95, "0x14": 43, "0x15": 38, "0x16": 92, "0x17": 126, "0x18": 85, "0x19": 53, "0x1a": 99, "0x1b": 97, "0x1c": 57, "0x1d": 54, "0x1e": 88, "0x1f": 115, "0x2": 528, "0x3": 485, "0x4": 266, "0x5": 293, "0x6": 782, "0x7": 716, "0x8": 75, "0x9": 55, "0xa": 93, "0xb": 64, "0xc": 62, "0xd": 69, "0xe": 81, "0xf": 95}, "snapshots": null, "memory": null, "statevector": null, "unitary": null}}, {"shots": 8192, "success": true, "status": "done", "seed": null, "meas_level": 2, "meas_return": null, "header": {"qubit_labels": [["q", 0], ["q", 1], ["q", 2], ["q", 3], ["q", 4], ["q", 5], ["q", 6]], "n_qubits": 7, "qreg_sizes": [["q", 7]], "clbit_labels": [["cr_anc", 0], ["cr", 0], ["cr", 1], ["cr", 2], ["cr", 3]], "memory_slots": 5, "creg_sizes": [["cr_anc", 1], ["cr", 4]], "name": "qc_dsp_Z", "global_phase": 3.141592653589794, "metadata": {}}, "data": {"counts": {"0x0": 1819, "0x1": 698, "0x10": 307, "0x11": 92, "0x12": 188, "0x13": 154, "0x14": 103, "0x15": 57, "0x16": 177, "0x17": 215, "0x18": 62, "0x19": 75, "0x1a": 86, "0x1b": 55, "0x1c": 91, "0x1d": 70, "0x1e": 68, "0x1f": 44, "0x2": 539, "0x3": 363, "0x4": 325, "0x5": 249, "0x6": 771, "0x7": 476, "0x8": 106, "0x9": 122, "0xa": 172, "0xb": 148, "0xc": 143, "0xd": 72, "0xe": 147, "0xf": 198}, "snapshots": null, "memory": null, "statevector": null, "unitary": null}}, {"shots": 8192, "success": true, "status": "done", "seed": null, "meas_level": 2, "meas_return": null, "header": {"qubit_labels": [["q", 0], ["q", 1], ["q", 2], ["q", 3], ["q", 4], ["q", 5], ["q", 6]], "n_qubits": 7, "qreg_sizes": [["q", 7]], "clbit_labels": [["cr_anc", 0], ["cr", 0], ["cr", 1], ["cr", 2], ["cr", 3]], "memory_slots": 5, "creg_sizes": [["cr_anc", 1], ["cr", 4]], "name": "qc_dsp_Z", "global_phase": 1.5707963267948974, "metadata": {}}, "data": {"counts": {"0x0": 1533, "0x1": 933, "0x10": 292, "0x11": 318, "0x12": 442, "0x13": 443, "0x14": 140, "0x15": 106, "0x16": 362, "0x17": 522, "0x18": 93, "0x19": 99, "0x1a": 65, "0x1b": 73, "0x1c": 94, "0x1d": 131, "0x1e": 55, "0x1f": 54, "0x2": 219, "0x3": 165, "0x4": 305, "0x5": 212, "0x6": 340, "0x7": 205, "0x8": 90, "0x9": 102, "0xa": 192, "0xb": 176, "0xc": 116, "0xd": 68, "0xe": 110, "0xf": 137}, "snapshots": null, "memory": null, "statevector": null, "unitary": null}}, {"shots": 8192, "success": true, "status": "done", "seed": null, "meas_level": 2, "meas_return": null, "header": {"qubit_labels": [["q", 0], ["q", 1], ["q", 2], ["q", 3], ["q", 4], ["q", 5], ["q", 6]], "n_qubits": 7, "qreg_sizes": [["q", 7]], "clbit_labels": [["cr_anc", 0], ["cr", 0], ["cr", 1], ["cr", 2], ["cr", 3]], "memory_slots": 5, "creg_sizes": [["cr_anc", 1], ["cr", 4]], "name": "qc_dsp_Z", "global_phase": 3.141592653589794, "metadata": {}}, "data": {"counts": {"0x0": 1900, "0x1": 642, "0x10": 208, "0x11": 82, "0x12": 52, "0x13": 33, "0x14": 72, "0x15": 41, "0x16": 115, "0x17": 65, "0x18": 72, "0x19": 82, "0x1a": 46, "0x1b": 49, "0x1c": 62, "0x1d": 47, "0x1e": 34, "0x1f": 40, "0x2": 259, "0x3": 220, "0x4": 612, "0x5": 482, "0x6": 869, "0x7": 585, "0x8": 187, "0x9": 231, "0xa": 229, "0xb": 124, "0xc": 161, "0xd": 111, "0xe": 254, "0xf": 226}, "snapshots": null, "memory": null, "statevector": null, "unitary": null}}, {"shots": 8192, "success": true, "status": "done", "seed": null, "meas_level": 2, "meas_return": null, "header": {"qubit_labels": [["q", 0], ["q", 1], ["q", 2], ["q", 3], ["q", 4], ["q", 5], ["q", 6]], "n_qubits": 7, "qreg_sizes": [["q", 7]], "clbit_labels": [["cr_anc", 0], ["cr", 0], ["cr", 1], ["cr", 2], ["cr", 3]], "memory_slots": 5, "creg_sizes": [["cr_anc", 1], ["cr", 4]], "name": "qc_dsp_Z", "global_phase": 1.5707963267948974, "metadata": {}}, "data": {"counts": {"0x0": 1531, "0x1": 1340, "0x10": 291, "0x11": 140, "0x12": 68, "0x13": 33, "0x14": 276, "0x15": 237, "0x16": 33, "0x17": 20, "0x18": 119, "0x19": 94, "0x1a": 17, "0x1b": 26, "0x1c": 98, "0x1d": 162, "0x1e": 20, "0x1f": 16, "0x2": 218, "0x3": 130, "0x4": 732, "0x5": 1125, "0x6": 120, "0x7": 244, "0x8": 146, "0x9": 172, "0xa": 49, "0xb": 59, "0xc": 369, "0xd": 217, "0xe": 38, "0xf": 52}, "snapshots": null, "memory": null, "statevector": null, "unitary": null}}, {"shots": 8192, "success": true, "status": "done", "seed": null, "meas_level": 2, "meas_return": null, "header": {"qubit_labels": [["q", 0], ["q", 1], ["q", 2], ["q", 3], ["q", 4], ["q", 5], ["q", 6]], "n_qubits": 7, "qreg_sizes": [["q", 7]], "clbit_labels": [["cr_anc", 0], ["cr", 0], ["cr", 1], ["cr", 2], ["cr", 3]], "memory_slots": 5, "creg_sizes": [["cr_anc", 1], ["cr", 4]], "name": "qc_dsp_Z", "global_phase": 1.5707963267948974, "metadata": {}}, "data": {"counts": {"0x0": 1427, "0x1": 1236, "0x10": 198, "0x11": 138, "0x12": 61, "0x13": 42, "0x14": 219, "0x15": 194, "0x16": 50, "0x17": 66, "0x18": 196, "0x19": 95, "0x1a": 45, "0x1b": 31, "0x1c": 160, "0x1d": 173, "0x1e": 35, "0x1f": 39, "0x2": 273, "0x3": 270, "0x4": 969, "0x5": 934, "0x6": 134, "0x7": 421, "0x8": 167, "0x9": 93, "0xa": 41, "0xb": 46, "0xc": 191, "0xd": 147, "0xe": 59, "0xf": 42}, "snapshots": null, "memory": null, "statevector": null, "unitary": null}}, {"shots": 8192, "success": true, "status": "done", "seed": null, "meas_level": 2, "meas_return": null, "header": {"qubit_labels": [["q", 0], ["q", 1], ["q", 2], ["q", 3], ["q", 4], ["q", 5], ["q", 6]], "n_qubits": 7, "qreg_sizes": [["q", 7]], "clbit_labels": [["cr_anc", 0], ["cr", 0], ["cr", 1], ["cr", 2], ["cr", 3]], "memory_slots": 5, "creg_sizes": [["cr_anc", 1], ["cr", 4]], "name": "qc_dsp_Z", "global_phase": 1.5707963267948974, "metadata": {}}, "data": {"counts": {"0x0": 1445, "0x1": 847, "0x10": 146, "0x11": 103, "0x12": 57, "0x13": 48, "0x14": 68, "0x15": 74, "0x16": 49, "0x17": 66, "0x18": 203, "0x19": 127, "0x1a": 147, "0x1b": 130, "0x1c": 105, "0x1d": 93, "0x1e": 252, "0x1f": 245, "0x2": 195, "0x3": 167, "0x4": 310, "0x5": 289, "0x6": 470, "0x7": 447, "0x8": 295, "0x9": 298, "0xa": 305, "0xb": 228, "0xc": 124, "0xd": 157, "0xe": 364, "0xf": 338}, "snapshots": null, "memory": null, "statevector": null, "unitary": null}}, {"shots": 8192, "success": true, "status": "done", "seed": null, "meas_level": 2, "meas_return": null, "header": {"qubit_labels": [["q", 0], ["q", 1], ["q", 2], ["q", 3], ["q", 4], ["q", 5], ["q", 6]], "n_qubits": 7, "qreg_sizes": [["q", 7]], "clbit_labels": [["cr_anc", 0], ["cr", 0], ["cr", 1], ["cr", 2], ["cr", 3]], "memory_slots": 5, "creg_sizes": [["cr_anc", 1], ["cr", 4]], "name": "qc_dsp_Z", "global_phase": 8.881784197001252e-16, "metadata": {}}, "data": {"counts": {"0x0": 1414, "0x1": 1480, "0x10": 143, "0x11": 186, "0x12": 15, "0x13": 12, "0x14": 50, "0x15": 73, "0x16": 28, "0x17": 19, "0x18": 125, "0x19": 94, "0x1a": 41, "0x1b": 38, "0x1c": 181, "0x1d": 209, "0x1e": 27, "0x1f": 27, "0x2": 105, "0x3": 105, "0x4": 487, "0x5": 583, "0x6": 159, "0x7": 248, "0x8": 314, "0x9": 265, "0xa": 127, "0xb": 119, "0xc": 586, "0xd": 789, "0xe": 78, "0xf": 65}, "snapshots": null, "memory": null, "statevector": null, "unitary": null}}, {"shots": 8192, "success": true, "status": "done", "seed": null, "meas_level": 2, "meas_return": null, "header": {"qubit_labels": [["q", 0], ["q", 1], ["q", 2], ["q", 3], ["q", 4], ["q", 5], ["q", 6]], "n_qubits": 7, "qreg_sizes": [["q", 7]], "clbit_labels": [["cr_anc", 0], ["cr", 0], ["cr", 1], ["cr", 2], ["cr", 3]], "memory_slots": 5, "creg_sizes": [["cr_anc", 1], ["cr", 4]], "name": "qc_dsp_Z", "global_phase": 8.881784197001252e-16, "metadata": {}}, "data": {"counts": {"0x0": 1341, "0x1": 1108, "0x10": 337, "0x11": 287, "0x12": 151, "0x13": 152, "0x14": 675, "0x15": 674, "0x16": 135, "0x17": 87, "0x18": 159, "0x19": 180, "0x1a": 24, "0x1b": 50, "0x1c": 141, "0x1d": 257, "0x1e": 41, "0x1f": 39, "0x2": 118, "0x3": 114, "0x4": 540, "0x5": 509, "0x6": 136, "0x7": 190, "0x8": 211, "0x9": 125, "0xa": 41, "0xb": 33, "0xc": 108, "0xd": 130, "0xe": 55, "0xf": 44}, "snapshots": null, "memory": null, "statevector": null, "unitary": null}}, {"shots": 8192, "success": true, "status": "done", "seed": null, "meas_level": 2, "meas_return": null, "header": {"qubit_labels": [["q", 0], ["q", 1], ["q", 2], ["q", 3], ["q", 4], ["q", 5], ["q", 6]], "n_qubits": 7, "qreg_sizes": [["q", 7]], "clbit_labels": [["cr_anc", 0], ["cr", 0], ["cr", 1], ["cr", 2], ["cr", 3]], "memory_slots": 5, "creg_sizes": [["cr_anc", 1], ["cr", 4]], "name": "qc_dsp_Z", "global_phase": 8.881784197001252e-16, "metadata": {}}, "data": {"counts": {"0x0": 1390, "0x1": 745, "0x10": 147, "0x11": 98, "0x12": 64, "0x13": 72, "0x14": 82, "0x15": 70, "0x16": 93, "0x17": 76, "0x18": 355, "0x19": 366, "0x1a": 198, "0x1b": 173, "0x1c": 88, "0x1d": 160, "0x1e": 388, "0x1f": 402, "0x2": 171, "0x3": 194, "0x4": 446, "0x5": 325, "0x6": 396, "0x7": 328, "0x8": 313, "0x9": 154, "0xa": 149, "0xb": 120, "0xc": 106, "0xd": 116, "0xe": 195, "0xf": 212}, "snapshots": null, "memory": null, "statevector": null, "unitary": null}}], "error": null}