{"backend_name": "ibmq_jakarta", "backend_version": "1.2.7", "qobj_id": "fdfb0d81-9f7d-428a-a408-b7b0b80e1800", "job_id": "640886775fbded566a8941d9", "date": "2023-03-08T13:02:33Z", "success": true, "status": "Successful completion", "execution_id": "26f8da66-bdb1-11ed-8775-bc97e15b08d0", "time_taken": 144.96929001808167, "header": {"backend_name": "ibmq_jakarta", "backend_version": "1.2.7"}, "results": [{"shots": 8192, "success": true, "status": "done", "seed": null, "meas_level": 2, "meas_return": null, "header": {"qubit_labels": [["q", 0], ["q", 1], ["q", 2], ["q", 3], ["q", 4], ["q", 5], ["q", 6]], "n_qubits": 7, "qreg_sizes": [["q", 7]], "clbit_labels": [["cr_anc", 0], ["cr", 0], ["cr", 1], ["cr", 2], ["cr", 3]], "memory_slots": 5, "creg_sizes": [["cr_anc", 1], ["cr", 4]], "name": "qc_dsp_Z", "global_phase": 1.5707963267948974, "metadata": {}}, "data": {"counts": {"0x0": 1688, "0x1": 1486, "0x10": 180, "0x11": 122, "0x12": 18, "0x13": 12, "0x14": 141, "0x15": 156, "0x16": 10, "0x17": 21, "0x18": 52, "0x19": 30, "0x1a": 7, "0x1b": 7, "0x1c": 45, "0x1d": 76, "0x1e": 7, "0x1f": 8, "0x2": 187, "0x3": 122, "0x4": 1218, "0x5": 1615, "0x6": 81, "0x7": 209, "0x8": 141, "0x9": 87, "0xa": 35, "0xb": 37, "0xc": 126, "0xd": 187, "0xe": 32, "0xf": 49}, "snapshots": null, "memory": null, "statevector": null, "unitary": null}}, {"shots": 8192, "success": true, "status": "done", "seed": null, "meas_level": 2, "meas_return": null, "header": {"qubit_labels": [["q", 0], ["q", 1], ["q", 2], ["q", 3], ["q", 4], ["q", 5], ["q", 6]], "n_qubits": 7, "qreg_sizes": [["q", 7]], "clbit_labels": [["cr_anc", 0], ["cr", 0], ["cr", 1], ["cr", 2], ["cr", 3]], "memory_slots": 5, "creg_sizes": [["cr_anc", 1], ["cr", 4]], "name": "qc_dsp_Z", "global_phase": 1.5707963267948974, "metadata": {}}, "data": {"counts": {"0x0": 2049, "0x1": 831, "0x10": 213, "0x11": 72, "0x12": 47, "0x13": 50, "0x14": 52, "0x15": 49, "0x16": 95, "0x17": 113, "0x18": 41, "0x19": 40, "0x1a": 46, "0x1b": 58, "0x1c": 57, "0x1d": 40, "0x1e": 37, "0x1f": 35, "0x2": 376, "0x3": 418, "0x4": 160, "0x5": 231, "0x6": 666, "0x7": 753, "0x8": 128, "0x9": 107, "0xa": 240, "0xb": 171, "0xc": 138, "0xd": 87, "0xe": 343, "0xf": 449}, "snapshots": null, "memory": null, "statevector": null, "unitary": null}}, {"shots": 8192, "success": true, "status": "done", "seed": null, "meas_level": 2, "meas_return": null, "header": {"qubit_labels": [["q", 0], ["q", 1], ["q", 2], ["q", 3], ["q", 4], ["q", 5], ["q", 6]], "n_qubits": 7, "qreg_sizes": [["q", 7]], "clbit_labels": [["cr_anc", 0], ["cr", 0], ["cr", 1], ["cr", 2], ["cr", 3]], "memory_slots": 5, "creg_sizes": [["cr_anc", 1], ["cr", 4]], "name": "qc_dsp_Z", "global_phase": 1.5707963267948974, "metadata": {}}, "data": {"counts": {"0x0": 1969, "0x1": 861, "0x10": 274, "0x11": 99, "0x12": 67, "0x13": 92, "0x14": 108, "0x15": 89, "0x16": 127, "0x17": 173, "0x18": 107, "0x19": 79, "0x1a": 59, "0x1b": 28, "0x1c": 76, "0x1d": 53, "0x1e": 67, "0x1f": 63, "0x2": 209, "0x3": 177, "0x4": 513, "0x5": 438, "0x6": 822, "0x7": 535, "0x8": 120, "0x9": 158, "0xa": 111, "0xb": 82, "0xc": 145, "0xd": 87, "0xe": 179, "0xf": 225}, "snapshots": null, "memory": null, "statevector": null, "unitary": null}}, {"shots": 8192, "success": true, "status": "done", "seed": null, "meas_level": 2, "meas_return": null, "header": {"qubit_labels": [["q", 0], ["q", 1], ["q", 2], ["q", 3], ["q", 4], ["q", 5], ["q", 6]], "n_qubits": 7, "qreg_sizes": [["q", 7]], "clbit_labels": [["cr_anc", 0], ["cr", 0], ["cr", 1], ["cr", 2], ["cr", 3]], "memory_slots": 5, "creg_sizes": [["cr_anc", 1], ["cr", 4]], "name": "qc_dsp_Z", "global_phase": 1.5707963267948974, "metadata": {}}, "data": {"counts": {"0x0": 1678, "0x1": 423, "0x10": 176, "0x11": 85, "0x12": 61, "0x13": 63, "0x14": 135, "0x15": 88, "0x16": 195, "0x17": 123, "0x18": 186, "0x19": 131, "0x1a": 122, "0x1b": 63, "0x1c": 141, "0x1d": 106, "0x1e": 171, "0x1f": 80, "0x2": 235, "0x3": 223, "0x4": 811, "0x5": 421, "0x6": 1006, "0x7": 481, "0x8": 171, "0x9": 73, "0xa": 124, "0xb": 125, "0xc": 229, "0xd": 93, "0xe": 111, "0xf": 62}, "snapshots": null, "memory": null, "statevector": null, "unitary": null}}, {"shots": 8192, "success": true, "status": "done", "seed": null, "meas_level": 2, "meas_return": null, "header": {"qubit_labels": [["q", 0], ["q", 1], ["q", 2], ["q", 3], ["q", 4], ["q", 5], ["q", 6]], "n_qubits": 7, "qreg_sizes": [["q", 7]], "clbit_labels": [["cr_anc", 0], ["cr", 0], ["cr", 1], ["cr", 2], ["cr", 3]], "memory_slots": 5, "creg_sizes": [["cr_anc", 1], ["cr", 4]], "name": "qc_dsp_Z", "global_phase": 8.881784197001252e-16, "metadata": {}}, "data": {"counts": {"0x0": 1453, "0x1": 1538, "0x10": 189, "0x11": 102, "0x12": 31, "0x13": 6, "0x14": 168, "0x15": 113, "0x16": 12, "0x17": 15, "0x18": 72, "0x19": 51, "0x1a": 8, "0x1b": 7, "0x1c": 37, "0x1d": 89, "0x1e": 7, "0x1f": 8, "0x2": 236, "0x3": 91, "0x4": 1292, "0x5": 1624, "0x6": 111, "0x7": 171, "0x8": 164, "0x9": 77, "0xa": 31, "0xb": 38, "0xc": 139, "0xd": 231, "0xe": 41, "0xf": 40}, "snapshots": null, "memory": null, "statevector": null, "unitary": null}}, {"shots": 8192, "success": true, "status": "done", "seed": null, "meas_level": 2, "meas_return": null, "header": {"qubit_labels": [["q", 0], ["q", 1], ["q", 2], ["q", 3], ["q", 4], ["q", 5], ["q", 6]], "n_qubits": 7, "qreg_sizes": [["q", 7]], "clbit_labels": [["cr_anc", 0], ["cr", 0], ["cr", 1], ["cr", 2], ["cr", 3]], "memory_slots": 5, "creg_sizes": [["cr_anc", 1], ["cr", 4]], "name": "qc_dsp_Z", "global_phase": 8.881784197001252e-16, "metadata": {}}, "data": {"counts": {"0x0": 1906, "0x1": 901, "0x10": 130, "0x11": 163, "0x12": 25, "0x13": 39, "0x14": 34, "0x15": 45, "0x16": 48, "0x17": 58, "0x18": 137, "0x19": 51, "0x1a": 86, "0x1b": 125, "0x1c": 80, "0x1d": 61, "0x1e": 132, "0x1f": 155, "0x2": 175, "0x3": 168, "0x4": 352, "0x5": 298, "0x6": 456, "0x7": 415, "0x8": 280, "0x9": 213, "0xa": 286, "0xb": 353, "0xc": 138, "0xd": 167, "0xe": 318, "0xf": 397}, "snapshots": null, "memory": null, "statevector": null, "unitary": null}}, {"shots": 8192, "success": true, "status": "done", "seed": null, "meas_level": 2, "meas_return": null, "header": {"qubit_labels": [["q", 0], ["q", 1], ["q", 2], ["q", 3], ["q", 4], ["q", 5], ["q", 6]], "n_qubits": 7, "qreg_sizes": [["q", 7]], "clbit_labels": [["cr_anc", 0], ["cr", 0], ["cr", 1], ["cr", 2], ["cr", 3]], "memory_slots": 5, "creg_sizes": [["cr_anc", 1], ["cr", 4]], "name": "qc_dsp_Z", "global_phase": 8.881784197001252e-16, "metadata": {}}, "data": {"counts": {"0x0": 1385, "0x1": 558, "0x10": 211, "0x11": 539, "0x12": 178, "0x13": 184, "0x14": 201, "0x15": 208, "0x16": 472, "0x17": 461, "0x18": 198, "0x19": 240, "0x1a": 62, "0x1b": 96, "0x1c": 121, "0x1d": 130, "0x1e": 92, "0x1f": 135, "0x2": 147, "0x3": 187, "0x4": 492, "0x5": 211, "0x6": 417, "0x7": 435, "0x8": 149, "0x9": 83, "0xa": 100, "0xb": 96, "0xc": 140, "0xd": 84, "0xe": 126, "0xf": 54}, "snapshots": null, "memory": null, "statevector": null, "unitary": null}}, {"shots": 8192, "success": true, "status": "done", "seed": null, "meas_level": 2, "meas_return": null, "header": {"qubit_labels": [["q", 0], ["q", 1], ["q", 2], ["q", 3], ["q", 4], ["q", 5], ["q", 6]], "n_qubits": 7, "qreg_sizes": [["q", 7]], "clbit_labels": [["cr_anc", 0], ["cr", 0], ["cr", 1], ["cr", 2], ["cr", 3]], "memory_slots": 5, "creg_sizes": [["cr_anc", 1], ["cr", 4]], "name": "qc_dsp_X", "global_phase": 0.7853981633974492, "metadata": {}}, "data": {"counts": {"0x0": 2482, "0x1": 731, "0x10": 222, "0x11": 79, "0x12": 11, "0x13": 11, "0x14": 64, "0x15": 219, "0x16": 12, "0x17": 13, "0x18": 56, "0x19": 62, "0x1a": 8, "0x1b": 11, "0x1c": 41, "0x1d": 60, "0x1e": 3, "0x1f": 12, "0x2": 110, "0x3": 185, "0x4": 607, "0x5": 2211, "0x6": 170, "0x7": 138, "0x8": 98, "0x9": 127, "0xa": 39, "0xb": 29, "0xc": 102, "0xd": 187, "0xe": 34, "0xf": 58}, "snapshots": null, "memory": null, "statevector": null, "unitary": null}}, {"shots": 8192, "success": true, "status": "done", "seed": null, "meas_level": 2, "meas_return": null, "header": {"qubit_labels": [["q", 0], ["q", 1], ["q", 2], ["q", 3], ["q", 4], ["q", 5], ["q", 6]], "n_qubits": 7, "qreg_sizes": [["q", 7]], "clbit_labels": [["cr_anc", 0], ["cr", 0], ["cr", 1], ["cr", 2], ["cr", 3]], "memory_slots": 5, "creg_sizes": [["cr_anc", 1], ["cr", 4]], "name": "qc_dsp_Z", "global_phase": 3.141592653589794, "metadata": {}}, "data": {"counts": {"0x0": 4693, "0x1": 102, "0x10": 423, "0x11": 13, "0x12": 42, "0x13": 25, "0x14": 36, "0x15": 50, "0x16": 22, "0x17": 7, "0x18": 60, "0x19": 57, "0x1a": 15, "0x1b": 17, "0x1c": 88, "0x1d": 15, "0x1e": 22, "0x1f": 10, "0x2": 246, "0x3": 198, "0x4": 164, "0x5": 191, "0x6": 185, "0x7": 80, "0x8": 293, "0x9": 453, "0xa": 155, "0xb": 116, "0xc": 189, "0xd": 51, "0xe": 84, "0xf": 90}, "snapshots": null, "memory": null, "statevector": null, "unitary": null}}, {"shots": 8192, "success": true, "status": "done", "seed": null, "meas_level": 2, "meas_return": null, "header": {"qubit_labels": [["q", 0], ["q", 1], ["q", 2], ["q", 3], ["q", 4], ["q", 5], ["q", 6]], "n_qubits": 7, "qreg_sizes": [["q", 7]], "clbit_labels": [["cr_anc", 0], ["cr", 0], ["cr", 1], ["cr", 2], ["cr", 3]], "memory_slots": 5, "creg_sizes": [["cr_anc", 1], ["cr", 4]], "name": "qc_dsp_Z", "global_phase": 3.141592653589794, "metadata": {}}, "data": {"counts": {"0x0": 4358, "0x1": 134, "0x10": 566, "0x11": 184, "0x12": 58, "0x13": 23, "0x14": 79, "0x15": 52, "0x16": 45, "0x17": 18, "0x18": 93, "0x19": 112, "0x1a": 18, "0x1b": 25, "0x1c": 129, "0x1d": 77, "0x1e": 24, "0x1f": 17, "0x2": 360, "0x3": 16, "0x4": 473, "0x5": 40, "0x6": 290, "0x7": 15, "0x8": 211, "0x9": 315, "0xa": 54, "0xb": 61, "0xc": 130, "0xd": 126, "0xe": 48, "0xf": 41}, "snapshots": null, "memory": null, "statevector": null, "unitary": null}}, {"shots": 8192, "success": true, "status": "done", "seed": null, "meas_level": 2, "meas_return": null, "header": {"qubit_labels": [["q", 0], ["q", 1], ["q", 2], ["q", 3], ["q", 4], ["q", 5], ["q", 6]], "n_qubits": 7, "qreg_sizes": [["q", 7]], "clbit_labels": [["cr_anc", 0], ["cr", 0], ["cr", 1], ["cr", 2], ["cr", 3]], "memory_slots": 5, "creg_sizes": [["cr_anc", 1], ["cr", 4]], "name": "qc_dsp_Z", "global_phase": 3.141592653589794, "metadata": {}}, "data": {"counts": {"0x0": 3374, "0x1": 85, "0x10": 381, "0x11": 174, "0x12": 40, "0x13": 31, "0x14": 118, "0x15": 54, "0x16": 68, "0x17": 30, "0x18": 279, "0x19": 112, "0x1a": 51, "0x1b": 36, "0x1c": 273, "0x1d": 73, "0x1e": 80, "0x1f": 21, "0x2": 351, "0x3": 13, "0x4": 1073, "0x5": 35, "0x6": 528, "0x7": 13, "0x8": 221, "0x9": 44, "0xa": 64, "0xb": 12, "0xc": 449, "0xd": 34, "0xe": 63, "0xf": 12}, "snapshots": null, "memory": null, "statevector": null, "unitary": null}}, {"shots": 8192, "success": true, "status": "done", "seed": null, "meas_level": 2, "meas_return": null, "header": {"qubit_labels": [["q", 0], ["q", 1], ["q", 2], ["q", 3], ["q", 4], ["q", 5], ["q", 6]], "n_qubits": 7, "qreg_sizes": [["q", 7]], "clbit_labels": [["cr_anc", 0], ["cr", 0], ["cr", 1], ["cr", 2], ["cr", 3]], "memory_slots": 5, "creg_sizes": [["cr_anc", 1], ["cr", 4]], "name": "qc_dsp_Z", "global_phase": 1.5707963267948974, "metadata": {}}, "data": {"counts": {"0x0": 3535, "0x1": 279, "0x10": 191, "0x11": 194, "0x12": 17, "0x13": 17, "0x14": 48, "0x15": 40, "0x16": 13, "0x17": 15, "0x18": 395, "0x19": 162, "0x1a": 27, "0x1b": 28, "0x1c": 108, "0x1d": 65, "0x1e": 29, "0x1f": 23, "0x2": 218, "0x3": 42, "0x4": 339, "0x5": 76, "0x6": 189, "0x7": 28, "0x8": 668, "0x9": 698, "0xa": 98, "0xb": 126, "0xc": 235, "0xd": 155, "0xe": 68, "0xf": 66}, "snapshots": null, "memory": null, "statevector": null, "unitary": null}}, {"shots": 8192, "success": true, "status": "done", "seed": null, "meas_level": 2, "meas_return": null, "header": {"qubit_labels": [["q", 0], ["q", 1], ["q", 2], ["q", 3], ["q", 4], ["q", 5], ["q", 6]], "n_qubits": 7, "qreg_sizes": [["q", 7]], "clbit_labels": [["cr_anc", 0], ["cr", 0], ["cr", 1], ["cr", 2], ["cr", 3]], "memory_slots": 5, "creg_sizes": [["cr_anc", 1], ["cr", 4]], "name": "qc_dsp_Z", "global_phase": 1.5707963267948974, "metadata": {}}, "data": {"counts": {"0x0": 2207, "0x1": 416, "0x10": 504, "0x11": 1253, "0x12": 47, "0x13": 98, "0x14": 139, "0x15": 168, "0x16": 74, "0x17": 126, "0x18": 187, "0x19": 461, "0x1a": 23, "0x1b": 58, "0x1c": 175, "0x1d": 151, "0x1e": 27, "0x1f": 45, "0x2": 189, "0x3": 40, "0x4": 595, "0x5": 100, "0x6": 245, "0x7": 57, "0x8": 178, "0x9": 76, "0xa": 66, "0xb": 10, "0xc": 342, "0xd": 63, "0xe": 52, "0xf": 20}, "snapshots": null, "memory": null, "statevector": null, "unitary": null}}, {"shots": 8192, "success": true, "status": "done", "seed": null, "meas_level": 2, "meas_return": null, "header": {"qubit_labels": [["q", 0], ["q", 1], ["q", 2], ["q", 3], ["q", 4], ["q", 5], ["q", 6]], "n_qubits": 7, "qreg_sizes": [["q", 7]], "clbit_labels": [["cr_anc", 0], ["cr", 0], ["cr", 1], ["cr", 2], ["cr", 3]], "memory_slots": 5, "creg_sizes": [["cr_anc", 1], ["cr", 4]], "name": "qc_dsp_Z", "global_phase": 3.141592653589794, "metadata": {}}, "data": {"counts": {"0x0": 2279, "0x1": 834, "0x10": 279, "0x11": 111, "0x12": 70, "0x13": 83, "0x14": 52, "0x15": 29, "0x16": 102, "0x17": 109, "0x18": 82, "0x19": 49, "0x1a": 104, "0x1b": 110, "0x1c": 39, "0x1d": 65, "0x1e": 99, "0x1f": 89, "0x2": 530, "0x3": 500, "0x4": 220, "0x5": 287, "0x6": 747, "0x7": 727, "0x8": 86, "0x9": 52, "0xa": 93, "0xb": 70, "0xc": 64, "0xd": 42, "0xe": 92, "0xf": 97}, "snapshots": null, "memory": null, "statevector": null, "unitary": null}}, {"shots": 8192, "success": true, "status": "done", "seed": null, "meas_level": 2, "meas_return": null, "header": {"qubit_labels": [["q", 0], ["q", 1], ["q", 2], ["q", 3], ["q", 4], ["q", 5], ["q", 6]], "n_qubits": 7, "qreg_sizes": [["q", 7]], "clbit_labels": [["cr_anc", 0], ["cr", 0], ["cr", 1], ["cr", 2], ["cr", 3]], "memory_slots": 5, "creg_sizes": [["cr_anc", 1], ["cr", 4]], "name": "qc_dsp_Z", "global_phase": 3.141592653589794, "metadata": {}}, "data": {"counts": {"0x0": 1872, "0x1": 705, "0x10": 282, "0x11": 110, "0x12": 148, "0x13": 162, "0x14": 82, "0x15": 53, "0x16": 182, "0x17": 209, "0x18": 68, "0x19": 91, "0x1a": 95, "0x1b": 46, "0x1c": 80, "0x1d": 59, "0x1e": 57, "0x1f": 45, "0x2": 510, "0x3": 395, "0x4": 307, "0x5": 235, "0x6": 770, "0x7": 509, "0x8": 138, "0x9": 100, "0xa": 167, "0xb": 138, "0xc": 184, "0xd": 67, "0xe": 127, "0xf": 199}, "snapshots": null, "memory": null, "statevector": null, "unitary": null}}, {"shots": 8192, "success": true, "status": "done", "seed": null, "meas_level": 2, "meas_return": null, "header": {"qubit_labels": [["q", 0], ["q", 1], ["q", 2], ["q", 3], ["q", 4], ["q", 5], ["q", 6]], "n_qubits": 7, "qreg_sizes": [["q", 7]], "clbit_labels": [["cr_anc", 0], ["cr", 0], ["cr", 1], ["cr", 2], ["cr", 3]], "memory_slots": 5, "creg_sizes": [["cr_anc", 1], ["cr", 4]], "name": "qc_dsp_Z", "global_phase": 1.5707963267948974, "metadata": {}}, "data": {"counts": {"0x0": 1454, "0x1": 924, "0x10": 318, "0x11": 328, "0x12": 422, "0x13": 436, "0x14": 124, "0x15": 124, "0x16": 381, "0x17": 510, "0x18": 87, "0x19": 99, "0x1a": 71, "0x1b": 84, "0x1c": 93, "0x1d": 167, "0x1e": 47, "0x1f": 47, "0x2": 234, "0x3": 166, "0x4": 261, "0x5": 206, "0x6": 347, "0x7": 207, "0x8": 93, "0x9": 104, "0xa": 192, "0xb": 175, "0xc": 141, "0xd": 89, "0xe": 107, "0xf": 154}, "snapshots": null, "memory": null, "statevector": null, "unitary": null}}, {"shots": 8192, "success": true, "status": "done", "seed": null, "meas_level": 2, "meas_return": null, "header": {"qubit_labels": [["q", 0], ["q", 1], ["q", 2], ["q", 3], ["q", 4], ["q", 5], ["q", 6]], "n_qubits": 7, "qreg_sizes": [["q", 7]], "clbit_labels": [["cr_anc", 0], ["cr", 0], ["cr", 1], ["cr", 2], ["cr", 3]], "memory_slots": 5, "creg_sizes": [["cr_anc", 1], ["cr", 4]], "name": "qc_dsp_Z", "global_phase": 3.141592653589794, "metadata": {}}, "data": {"counts": {"0x0": 1914, "0x1": 630, "0x10": 220, "0x11": 87, "0x12": 40, "0x13": 34, "0x14": 76, "0x15": 55, "0x16": 125, "0x17": 85, "0x18": 66, "0x19": 87, "0x1a": 48, "0x1b": 39, "0x1c": 74, "0x1d": 68, "0x1e": 39, "0x1f": 52, "0x2": 240, "0x3": 191, "0x4": 580, "0x5": 445, "0x6": 925, "0x7": 534, "0x8": 179, "0x9": 265, "0xa": 221, "0xb": 119, "0xc": 156, "0xd": 96, "0xe": 244, "0xf": 258}, "snapshots": null, "memory": null, "statevector": null, "unitary": null}}, {"shots": 8192, "success": true, "status": "done", "seed": null, "meas_level": 2, "meas_return": null, "header": {"qubit_labels": [["q", 0], ["q", 1], ["q", 2], ["q", 3], ["q", 4], ["q", 5], ["q", 6]], "n_qubits": 7, "qreg_sizes": [["q", 7]], "clbit_labels": [["cr_anc", 0], ["cr", 0], ["cr", 1], ["cr", 2], ["cr", 3]], "memory_slots": 5, "creg_sizes": [["cr_anc", 1], ["cr", 4]], "name": "qc_dsp_Z", "global_phase": 1.5707963267948974, "metadata": {}}, "data": {"counts": {"0x0": 1469, "0x1": 1502, "0x10": 279, "0x11": 146, "0x12": 60, "0x13": 21, "0x14": 224, "0x15": 242, "0x16": 31, "0x17": 31, "0x18": 94, "0x19": 90, "0x1a": 22, "0x1b": 15, "0x1c": 90, "0x1d": 105, "0x1e": 11, "0x1f": 24, "0x2": 205, "0x3": 150, "0x4": 761, "0x5": 1244, "0x6": 120, "0x7": 195, "0x8": 153, "0x9": 168, "0xa": 48, "0xb": 41, "0xc": 369, "0xd": 209, "0xe": 29, "0xf": 44}, "snapshots": null, "memory": null, "statevector": null, "unitary": null}}, {"shots": 8192, "success": true, "status": "done", "seed": null, "meas_level": 2, "meas_return": null, "header": {"qubit_labels": [["q", 0], ["q", 1], ["q", 2], ["q", 3], ["q", 4], ["q", 5], ["q", 6]], "n_qubits": 7, "qreg_sizes": [["q", 7]], "clbit_labels": [["cr_anc", 0], ["cr", 0], ["cr", 1], ["cr", 2], ["cr", 3]], "memory_slots": 5, "creg_sizes": [["cr_anc", 1], ["cr", 4]], "name": "qc_dsp_Z", "global_phase": 1.5707963267948974, "metadata": {}}, "data": {"counts": {"0x0": 1377, "0x1": 1339, "0x10": 184, "0x11": 129, "0x12": 51, "0x13": 51, "0x14": 185, "0x15": 213, "0x16": 44, "0x17": 57, "0x18": 223, "0x19": 98, "0x1a": 34, "0x1b": 32, "0x1c": 157, "0x1d": 152, "0x1e": 28, "0x1f": 25, "0x2": 230, "0x3": 270, "0x4": 1041, "0x5": 970, "0x6": 126, "0x7": 408, "0x8": 191, "0x9": 88, "0xa": 46, "0xb": 58, "0xc": 161, "0xd": 136, "0xe": 42, "0xf": 46}, "snapshots": null, "memory": null, "statevector": null, "unitary": null}}, {"shots": 8192, "success": true, "status": "done", "seed": null, "meas_level": 2, "meas_return": null, "header": {"qubit_labels": [["q", 0], ["q", 1], ["q", 2], ["q", 3], ["q", 4], ["q", 5], ["q", 6]], "n_qubits": 7, "qreg_sizes": [["q", 7]], "clbit_labels": [["cr_anc", 0], ["cr", 0], ["cr", 1], ["cr", 2], ["cr", 3]], "memory_slots": 5, "creg_sizes": [["cr_anc", 1], ["cr", 4]], "name": "qc_dsp_Z", "global_phase": 1.5707963267948974, "metadata": {}}, "data": {"counts": {"0x0": 1426, "0x1": 876, "0x10": 144, "0x11": 143, "0x12": 56, "0x13": 55, "0x14": 78, "0x15": 72, "0x16": 51, "0x17": 64, "0x18": 210, "0x19": 123, "0x1a": 113, "0x1b": 117, "0x1c": 109, "0x1d": 96, "0x1e": 235, "0x1f": 241, "0x2": 182, "0x3": 182, "0x4": 327, "0x5": 282, "0x6": 507, "0x7": 454, "0x8": 280, "0x9": 259, "0xa": 299, "0xb": 218, "0xc": 126, "0xd": 154, "0xe": 353, "0xf": 360}, "snapshots": null, "memory": null, "statevector": null, "unitary": null}}, {"shots": 8192, "success": true, "status": "done", "seed": null, "meas_level": 2, "meas_return": null, "header": {"qubit_labels": [["q", 0], ["q", 1], ["q", 2], ["q", 3], ["q", 4], ["q", 5], ["q", 6]], "n_qubits": 7, "qreg_sizes": [["q", 7]], "clbit_labels": [["cr_anc", 0], ["cr", 0], ["cr", 1], ["cr", 2], ["cr", 3]], "memory_slots": 5, "creg_sizes": [["cr_anc", 1], ["cr", 4]], "name": "qc_dsp_Z", "global_phase": 8.881784197001252e-16, "metadata": {}}, "data": {"counts": {"0x0": 1444, "0x1": 1450, "0x10": 143, "0x11": 200, "0x12": 20, "0x13": 18, "0x14": 54, "0x15": 59, "0x16": 25, "0x17": 27, "0x18": 117, "0x19": 106, "0x1a": 37, "0x1b": 34, "0x1c": 200, "0x1d": 215, "0x1e": 24, "0x1f": 26, "0x2": 134, "0x3": 128, "0x4": 486, "0x5": 555, "0x6": 135, "0x7": 262, "0x8": 334, "0x9": 245, "0xa": 120, "0xb": 95, "0xc": 554, "0xd": 815, "0xe": 76, "0xf": 54}, "snapshots": null, "memory": null, "statevector": null, "unitary": null}}, {"shots": 8192, "success": true, "status": "done", "seed": null, "meas_level": 2, "meas_return": null, "header": {"qubit_labels": [["q", 0], ["q", 1], ["q", 2], ["q", 3], ["q", 4], ["q", 5], ["q", 6]], "n_qubits": 7, "qreg_sizes": [["q", 7]], "clbit_labels": [["cr_anc", 0], ["cr", 0], ["cr", 1], ["cr", 2], ["cr", 3]], "memory_slots": 5, "creg_sizes": [["cr_anc", 1], ["cr", 4]], "name": "qc_dsp_Z", "global_phase": 8.881784197001252e-16, "metadata": {}}, "data": {"counts": {"0x0": 1266, "0x1": 1155, "0x10": 335, "0x11": 228, "0x12": 142, "0x13": 127, "0x14": 762, "0x15": 704, "0x16": 145, "0x17": 87, "0x18": 158, "0x19": 212, "0x1a": 30, "0x1b": 37, "0x1c": 167, "0x1d": 252, "0x1e": 30, "0x1f": 35, "0x2": 149, "0x3": 111, "0x4": 565, "0x5": 450, "0x6": 148, "0x7": 216, "0x8": 228, "0x9": 94, "0xa": 39, "0xb": 35, "0xc": 99, "0xd": 122, "0xe": 32, "0xf": 32}, "snapshots": null, "memory": null, "statevector": null, "unitary": null}}, {"shots": 8192, "success": true, "status": "done", "seed": null, "meas_level": 2, "meas_return": null, "header": {"qubit_labels": [["q", 0], ["q", 1], ["q", 2], ["q", 3], ["q", 4], ["q", 5], ["q", 6]], "n_qubits": 7, "qreg_sizes": [["q", 7]], "clbit_labels": [["cr_anc", 0], ["cr", 0], ["cr", 1], ["cr", 2], ["cr", 3]], "memory_slots": 5, "creg_sizes": [["cr_anc", 1], ["cr", 4]], "name": "qc_dsp_Z", "global_phase": 8.881784197001252e-16, "metadata": {}}, "data": {"counts": {"0x0": 1383, "0x1": 767, "0x10": 156, "0x11": 119, "0x12": 79, "0x13": 65, "0x14": 89, "0x15": 68, "0x16": 71, "0x17": 71, "0x18": 312, "0x19": 375, "0x1a": 157, "0x1b": 168, "0x1c": 93, "0x1d": 158, "0x1e": 409, "0x1f": 428, "0x2": 152, "0x3": 196, "0x4": 400, "0x5": 354, "0x6": 424, "0x7": 308, "0x8": 322, "0x9": 143, "0xa": 143, "0xb": 126, "0xc": 113, "0xd": 116, "0xe": 205, "0xf": 222}, "snapshots": null, "memory": null, "statevector": null, "unitary": null}}, {"shots": 8192, "success": true, "status": "done", "seed": null, "meas_level": 2, "meas_return": null, "header": {"qubit_labels": [["q", 0], ["q", 1], ["q", 2], ["q", 3], ["q", 4], ["q", 5], ["q", 6]], "n_qubits": 7, "qreg_sizes": [["q", 7]], "clbit_labels": [["cr_anc", 0], ["cr", 0], ["cr", 1], ["cr", 2], ["cr", 3]], "memory_slots": 5, "creg_sizes": [["cr_anc", 1], ["cr", 4]], "name": "qc_dsp_X", "global_phase": 0.7853981633974492, "metadata": {}}, "data": {"counts": {"0x0": 2511, "0x1": 698, "0x10": 227, "0x11": 70, "0x12": 11, "0x13": 19, "0x14": 45, "0x15": 211, "0x16": 18, "0x17": 19, "0x18": 50, "0x19": 48, "0x1a": 9, "0x1b": 9, "0x1c": 35, "0x1d": 47, "0x1e": 6, "0x1f": 9, "0x2": 109, "0x3": 169, "0x4": 549, "0x5": 2317, "0x6": 168, "0x7": 127, "0x8": 101, "0x9": 139, "0xa": 26, "0xb": 33, "0xc": 123, "0xd": 202, "0xe": 34, "0xf": 53}, "snapshots": null, "memory": null, "statevector": null, "unitary": null}}, {"shots": 8192, "success": true, "status": "done", "seed": null, "meas_level": 2, "meas_return": null, "header": {"qubit_labels": [["q", 0], ["q", 1], ["q", 2], ["q", 3], ["q", 4], ["q", 5], ["q", 6]], "n_qubits": 7, "qreg_sizes": [["q", 7]], "clbit_labels": [["cr_anc", 0], ["cr", 0], ["cr", 1], ["cr", 2], ["cr", 3]], "memory_slots": 5, "creg_sizes": [["cr_anc", 1], ["cr", 4]], "name": "qc_dsp_Z", "global_phase": 3.141592653589794, "metadata": {}}, "data": {"counts": {"0x0": 4624, "0x1": 93, "0x10": 462, "0x11": 15, "0x12": 29, "0x13": 24, "0x14": 54, "0x15": 35, "0x16": 23, "0x17": 15, "0x18": 77, "0x19": 48, "0x1a": 28, "0x1b": 18, "0x1c": 79, "0x1d": 16, "0x1e": 12, "0x1f": 12, "0x2": 271, "0x3": 183, "0x4": 173, "0x5": 149, "0x6": 220, "0x7": 88, "0x8": 298, "0x9": 436, "0xa": 161, "0xb": 119, "0xc": 195, "0xd": 60, "0xe": 85, "0xf": 90}, "snapshots": null, "memory": null, "statevector": null, "unitary": null}}, {"shots": 8192, "success": true, "status": "done", "seed": null, "meas_level": 2, "meas_return": null, "header": {"qubit_labels": [["q", 0], ["q", 1], ["q", 2], ["q", 3], ["q", 4], ["q", 5], ["q", 6]], "n_qubits": 7, "qreg_sizes": [["q", 7]], "clbit_labels": [["cr_anc", 0], ["cr", 0], ["cr", 1], ["cr", 2], ["cr", 3]], "memory_slots": 5, "creg_sizes": [["cr_anc", 1], ["cr", 4]], "name": "qc_dsp_Z", "global_phase": 3.141592653589794, "metadata": {}}, "data": {"counts": {"0x0": 4276, "0x1": 155, "0x10": 603, "0x11": 185, "0x12": 60, "0x13": 19, "0x14": 63, "0x15": 39, "0x16": 38, "0x17": 13, "0x18": 81, "0x19": 103, "0x1a": 14, "0x1b": 22, "0x1c": 112, "0x1d": 69, "0x1e": 25, "0x1f": 22, "0x2": 308, "0x3": 11, "0x4": 502, "0x5": 47, "0x6": 323, "0x7": 21, "0x8": 282, "0x9": 359, "0xa": 47, "0xb": 47, "0xc": 109, "0xd": 137, "0xe": 49, "0xf": 51}, "snapshots": null, "memory": null, "statevector": null, "unitary": null}}, {"shots": 8192, "success": true, "status": "done", "seed": null, "meas_level": 2, "meas_return": null, "header": {"qubit_labels": [["q", 0], ["q", 1], ["q", 2], ["q", 3], ["q", 4], ["q", 5], ["q", 6]], "n_qubits": 7, "qreg_sizes": [["q", 7]], "clbit_labels": [["cr_anc", 0], ["cr", 0], ["cr", 1], ["cr", 2], ["cr", 3]], "memory_slots": 5, "creg_sizes": [["cr_anc", 1], ["cr", 4]], "name": "qc_dsp_Z", "global_phase": 3.141592653589794, "metadata": {}}, "data": {"counts": {"0x0": 3411, "0x1": 88, "0x10": 376, "0x11": 158, "0x12": 48, "0x13": 28, "0x14": 134, "0x15": 39, "0x16": 66, "0x17": 22, "0x18": 276, "0x19": 147, "0x1a": 47, "0x1b": 20, "0x1c": 280, "0x1d": 53, "0x1e": 72, "0x1f": 19, "0x2": 335, "0x3": 13, "0x4": 1062, "0x5": 40, "0x6": 565, "0x7": 19, "0x8": 229, "0x9": 36, "0xa": 68, "0xb": 16, "0xc": 413, "0xd": 36, "0xe": 59, "0xf": 17}, "snapshots": null, "memory": null, "statevector": null, "unitary": null}}, {"shots": 8192, "success": true, "status": "done", "seed": null, "meas_level": 2, "meas_return": null, "header": {"qubit_labels": [["q", 0], ["q", 1], ["q", 2], ["q", 3], ["q", 4], ["q", 5], ["q", 6]], "n_qubits": 7, "qreg_sizes": [["q", 7]], "clbit_labels": [["cr_anc", 0], ["cr", 0], ["cr", 1], ["cr", 2], ["cr", 3]], "memory_slots": 5, "creg_sizes": [["cr_anc", 1], ["cr", 4]], "name": "qc_dsp_Z", "global_phase": 1.5707963267948974, "metadata": {}}, "data": {"counts": {"0x0": 3518, "0x1": 306, "0x10": 188, "0x11": 193, "0x12": 17, "0x13": 15, "0x14": 54, "0x15": 34, "0x16": 19, "0x17": 17, "0x18": 383, "0x19": 160, "0x1a": 42, "0x1b": 25, "0x1c": 103, "0x1d": 59, "0x1e": 28, "0x1f": 14, "0x2": 203, "0x3": 41, "0x4": 363, "0x5": 57, "0x6": 199, "0x7": 40, "0x8": 671, "0x9": 741, "0xa": 98, "0xb": 110, "0xc": 231, "0xd": 145, "0xe": 67, "0xf": 51}, "snapshots": null, "memory": null, "statevector": null, "unitary": null}}, {"shots": 8192, "success": true, "status": "done", "seed": null, "meas_level": 2, "meas_return": null, "header": {"qubit_labels": [["q", 0], ["q", 1], ["q", 2], ["q", 3], ["q", 4], ["q", 5], ["q", 6]], "n_qubits": 7, "qreg_sizes": [["q", 7]], "clbit_labels": [["cr_anc", 0], ["cr", 0], ["cr", 1], ["cr", 2], ["cr", 3]], "memory_slots": 5, "creg_sizes": [["cr_anc", 1], ["cr", 4]], "name": "qc_dsp_Z", "global_phase": 1.5707963267948974, "metadata": {}}, "data": {"counts": {"0x0": 2126, "0x1": 478, "0x10": 497, "0x11": 1272, "0x12": 54, "0x13": 108, "0x14": 159, "0x15": 145, "0x16": 63, "0x17": 109, "0x18": 189, "0x19": 408, "0x1a": 27, "0x1b": 37, "0x1c": 171, "0x1d": 186, "0x1e": 26, "0x1f": 39, "0x2": 183, "0x3": 36, "0x4": 616, "0x5": 91, "0x6": 252, "0x7": 51, "0x8": 211, "0x9": 63, "0xa": 78, "0xb": 14, "0xc": 383, "0xd": 68, "0xe": 36, "0xf": 16}, "snapshots": null, "memory": null, "statevector": null, "unitary": null}}, {"shots": 8192, "success": true, "status": "done", "seed": null, "meas_level": 2, "meas_return": null, "header": {"qubit_labels": [["q", 0], ["q", 1], ["q", 2], ["q", 3], ["q", 4], ["q", 5], ["q", 6]], "n_qubits": 7, "qreg_sizes": [["q", 7]], "clbit_labels": [["cr_anc", 0], ["cr", 0], ["cr", 1], ["cr", 2], ["cr", 3]], "memory_slots": 5, "creg_sizes": [["cr_anc", 1], ["cr", 4]], "name": "qc_dsp_Z", "global_phase": 3.141592653589794, "metadata": {}}, "data": {"counts": {"0x0": 2204, "0x1": 810, "0x10": 285, "0x11": 116, "0x12": 107, "0x13": 76, "0x14": 55, "0x15": 34, "0x16": 106, "0x17": 126, "0x18": 82, "0x19": 46, "0x1a": 101, "0x1b": 95, "0x1c": 45, "0x1d": 57, "0x1e": 98, "0x1f": 120, "0x2": 531, "0x3": 482, "0x4": 248, "0x5": 274, "0x6": 749, "0x7": 741, "0x8": 84, "0x9": 66, "0xa": 103, "0xb": 57, "0xc": 45, "0xd": 59, "0xe": 76, "0xf": 114}, "snapshots": null, "memory": null, "statevector": null, "unitary": null}}, {"shots": 8192, "success": true, "status": "done", "seed": null, "meas_level": 2, "meas_return": null, "header": {"qubit_labels": [["q", 0], ["q", 1], ["q", 2], ["q", 3], ["q", 4], ["q", 5], ["q", 6]], "n_qubits": 7, "qreg_sizes": [["q", 7]], "clbit_labels": [["cr_anc", 0], ["cr", 0], ["cr", 1], ["cr", 2], ["cr", 3]], "memory_slots": 5, "creg_sizes": [["cr_anc", 1], ["cr", 4]], "name": "qc_dsp_Z", "global_phase": 3.141592653589794, "metadata": {}}, "data": {"counts": {"0x0": 1887, "0x1": 657, "0x10": 319, "0x11": 103, "0x12": 163, "0x13": 143, "0x14": 104, "0x15": 53, "0x16": 173, "0x17": 218, "0x18": 51, "0x19": 88, "0x1a": 87, "0x1b": 46, "0x1c": 92, "0x1d": 78, "0x1e": 45, "0x1f": 50, "0x2": 533, "0x3": 316, "0x4": 307, "0x5": 257, "0x6": 805, "0x7": 485, "0x8": 146, "0x9": 96, "0xa": 179, "0xb": 147, "0xc": 162, "0xd": 70, "0xe": 145, "0xf": 187}, "snapshots": null, "memory": null, "statevector": null, "unitary": null}}, {"shots": 8192, "success": true, "status": "done", "seed": null, "meas_level": 2, "meas_return": null, "header": {"qubit_labels": [["q", 0], ["q", 1], ["q", 2], ["q", 3], ["q", 4], ["q", 5], ["q", 6]], "n_qubits": 7, "qreg_sizes": [["q", 7]], "clbit_labels": [["cr_anc", 0], ["cr", 0], ["cr", 1], ["cr", 2], ["cr", 3]], "memory_slots": 5, "creg_sizes": [["cr_anc", 1], ["cr", 4]], "name": "qc_dsp_Z", "global_phase": 1.5707963267948974, "metadata": {}}, "data": {"counts": {"0x0": 1542, "0x1": 951, "0x10": 280, "0x11": 344, "0x12": 414, "0x13": 429, "0x14": 146, "0x15": 119, "0x16": 365, "0x17": 507, "0x18": 105, "0x19": 104, "0x1a": 59, "0x1b": 64, "0x1c": 76, "0x1d": 133, "0x1e": 43, "0x1f": 54, "0x2": 210, "0x3": 175, "0x4": 299, "0x5": 200, "0x6": 345, "0x7": 194, "0x8": 97, "0x9": 92, "0xa": 191, "0xb": 175, "0xc": 122, "0xd": 74, "0xe": 127, "0xf": 156}, "snapshots": null, "memory": null, "statevector": null, "unitary": null}}, {"shots": 8192, "success": true, "status": "done", "seed": null, "meas_level": 2, "meas_return": null, "header": {"qubit_labels": [["q", 0], ["q", 1], ["q", 2], ["q", 3], ["q", 4], ["q", 5], ["q", 6]], "n_qubits": 7, "qreg_sizes": [["q", 7]], "clbit_labels": [["cr_anc", 0], ["cr", 0], ["cr", 1], ["cr", 2], ["cr", 3]], "memory_slots": 5, "creg_sizes": [["cr_anc", 1], ["cr", 4]], "name": "qc_dsp_Z", "global_phase": 3.141592653589794, "metadata": {}}, "data": {"counts": {"0x0": 1903, "0x1": 675, "0x10": 216, "0x11": 89, "0x12": 41, "0x13": 37, "0x14": 62, "0x15": 61, "0x16": 108, "0x17": 80, "0x18": 84, "0x19": 86, "0x1a": 35, "0x1b": 39, "0x1c": 63, "0x1d": 77, "0x1e": 42, "0x1f": 53, "0x2": 265, "0x3": 193, "0x4": 620, "0x5": 479, "0x6": 883, "0x7": 482, "0x8": 148, "0x9": 261, "0xa": 240, "0xb": 104, "0xc": 157, "0xd": 115, "0xe": 252, "0xf": 242}, "snapshots": null, "memory": null, "statevector": null, "unitary": null}}, {"shots": 8192, "success": true, "status": "done", "seed": null, "meas_level": 2, "meas_return": null, "header": {"qubit_labels": [["q", 0], ["q", 1], ["q", 2], ["q", 3], ["q", 4], ["q", 5], ["q", 6]], "n_qubits": 7, "qreg_sizes": [["q", 7]], "clbit_labels": [["cr_anc", 0], ["cr", 0], ["cr", 1], ["cr", 2], ["cr", 3]], "memory_slots": 5, "creg_sizes": [["cr_anc", 1], ["cr", 4]], "name": "qc_dsp_Z", "global_phase": 1.5707963267948974, "metadata": {}}, "data": {"counts": {"0x0": 1534, "0x1": 1446, "0x10": 290, "0x11": 121, "0x12": 54, "0x13": 28, "0x14": 259, "0x15": 230, "0x16": 34, "0x17": 19, "0x18": 92, "0x19": 68, "0x1a": 21, "0x1b": 14, "0x1c": 111, "0x1d": 122, "0x1e": 27, "0x1f": 15, "0x2": 247, "0x3": 143, "0x4": 702, "0x5": 1158, "0x6": 130, "0x7": 231, "0x8": 147, "0x9": 181, "0xa": 38, "0xb": 56, "0xc": 361, "0xd": 232, "0xe": 35, "0xf": 46}, "snapshots": null, "memory": null, "statevector": null, "unitary": null}}, {"shots": 8192, "success": true, "status": "done", "seed": null, "meas_level": 2, "meas_return": null, "header": {"qubit_labels": [["q", 0], ["q", 1], ["q", 2], ["q", 3], ["q", 4], ["q", 5], ["q", 6]], "n_qubits": 7, "qreg_sizes": [["q", 7]], "clbit_labels": [["cr_anc", 0], ["cr", 0], ["cr", 1], ["cr", 2], ["cr", 3]], "memory_slots": 5, "creg_sizes": [["cr_anc", 1], ["cr", 4]], "name": "qc_dsp_Z", "global_phase": 1.5707963267948974, "metadata": {}}, "data": {"counts": {"0x0": 1406, "0x1": 1335, "0x10": 138, "0x11": 113, "0x12": 60, "0x13": 36, "0x14": 215, "0x15": 208, "0x16": 51, "0x17": 51, "0x18": 210, "0x19": 101, "0x1a": 57, "0x1b": 27, "0x1c": 175, "0x1d": 164, "0x1e": 33, "0x1f": 29, "0x2": 213, "0x3": 277, "0x4": 963, "0x5": 969, "0x6": 122, "0x7": 455, "0x8": 175, "0x9": 85, "0xa": 54, "0xb": 52, "0xc": 185, "0xd": 133, "0xe": 57, "0xf": 43}, "snapshots": null, "memory": null, "statevector": null, "unitary": null}}, {"shots": 8192, "success": true, "status": "done", "seed": null, "meas_level": 2, "meas_return": null, "header": {"qubit_labels": [["q", 0], ["q", 1], ["q", 2], ["q", 3], ["q", 4], ["q", 5], ["q", 6]], "n_qubits": 7, "qreg_sizes": [["q", 7]], "clbit_labels": [["cr_anc", 0], ["cr", 0], ["cr", 1], ["cr", 2], ["cr", 3]], "memory_slots": 5, "creg_sizes": [["cr_anc", 1], ["cr", 4]], "name": "qc_dsp_Z", "global_phase": 1.5707963267948974, "metadata": {}}, "data": {"counts": {"0x0": 1447, "0x1": 889, "0x10": 166, "0x11": 102, "0x12": 57, "0x13": 65, "0x14": 76, "0x15": 63, "0x16": 48, "0x17": 57, "0x18": 239, "0x19": 125, "0x1a": 119, "0x1b": 135, "0x1c": 107, "0x1d": 104, "0x1e": 241, "0x1f": 208, "0x2": 160, "0x3": 152, "0x4": 292, "0x5": 290, "0x6": 492, "0x7": 462, "0x8": 305, "0x9": 247, "0xa": 294, "0xb": 241, "0xc": 126, "0xd": 147, "0xe": 333, "0xf": 403}, "snapshots": null, "memory": null, "statevector": null, "unitary": null}}, {"shots": 8192, "success": true, "status": "done", "seed": null, "meas_level": 2, "meas_return": null, "header": {"qubit_labels": [["q", 0], ["q", 1], ["q", 2], ["q", 3], ["q", 4], ["q", 5], ["q", 6]], "n_qubits": 7, "qreg_sizes": [["q", 7]], "clbit_labels": [["cr_anc", 0], ["cr", 0], ["cr", 1], ["cr", 2], ["cr", 3]], "memory_slots": 5, "creg_sizes": [["cr_anc", 1], ["cr", 4]], "name": "qc_dsp_Z", "global_phase": 8.881784197001252e-16, "metadata": {}}, "data": {"counts": {"0x0": 1471, "0x1": 1526, "0x10": 132, "0x11": 162, "0x12": 16, "0x13": 18, "0x14": 58, "0x15": 61, "0x16": 22, "0x17": 26, "0x18": 125, "0x19": 99, "0x1a": 49, "0x1b": 37, "0x1c": 183, "0x1d": 240, "0x1e": 25, "0x1f": 15, "0x2": 103, "0x3": 140, "0x4": 511, "0x5": 558, "0x6": 135, "0x7": 244, "0x8": 318, "0x9": 278, "0xa": 112, "0xb": 100, "0xc": 577, "0xd": 712, "0xe": 84, "0xf": 55}, "snapshots": null, "memory": null, "statevector": null, "unitary": null}}, {"shots": 8192, "success": true, "status": "done", "seed": null, "meas_level": 2, "meas_return": null, "header": {"qubit_labels": [["q", 0], ["q", 1], ["q", 2], ["q", 3], ["q", 4], ["q", 5], ["q", 6]], "n_qubits": 7, "qreg_sizes": [["q", 7]], "clbit_labels": [["cr_anc", 0], ["cr", 0], ["cr", 1], ["cr", 2], ["cr", 3]], "memory_slots": 5, "creg_sizes": [["cr_anc", 1], ["cr", 4]], "name": "qc_dsp_Z", "global_phase": 8.881784197001252e-16, "metadata": {}}, "data": {"counts": {"0x0": 1361, "0x1": 1179, "0x10": 359, "0x11": 254, "0x12": 176, "0x13": 113, "0x14": 721, "0x15": 644, "0x16": 142, "0x17": 81, "0x18": 156, "0x19": 172, "0x1a": 41, "0x1b": 39, "0x1c": 141, "0x1d": 254, "0x1e": 27, "0x1f": 35, "0x2": 147, "0x3": 115, "0x4": 564, "0x5": 455, "0x6": 147, "0x7": 194, "0x8": 211, "0x9": 106, "0xa": 38, "0xb": 40, "0xc": 83, "0xd": 121, "0xe": 31, "0xf": 45}, "snapshots": null, "memory": null, "statevector": null, "unitary": null}}, {"shots": 8192, "success": true, "status": "done", "seed": null, "meas_level": 2, "meas_return": null, "header": {"qubit_labels": [["q", 0], ["q", 1], ["q", 2], ["q", 3], ["q", 4], ["q", 5], ["q", 6]], "n_qubits": 7, "qreg_sizes": [["q", 7]], "clbit_labels": [["cr_anc", 0], ["cr", 0], ["cr", 1], ["cr", 2], ["cr", 3]], "memory_slots": 5, "creg_sizes": [["cr_anc", 1], ["cr", 4]], "name": "qc_dsp_Z", "global_phase": 8.881784197001252e-16, "metadata": {}}, "data": {"counts": {"0x0": 1365, "0x1": 786, "0x10": 143, "0x11": 103, "0x12": 92, "0x13": 90, "0x14": 94, "0x15": 62, "0x16": 56, "0x17": 64, "0x18": 326, "0x19": 340, "0x1a": 193, "0x1b": 144, "0x1c": 99, "0x1d": 161, "0x1e": 432, "0x1f": 393, "0x2": 158, "0x3": 180, "0x4": 414, "0x5": 314, "0x6": 457, "0x7": 343, "0x8": 304, "0x9": 144, "0xa": 141, "0xb": 112, "0xc": 117, "0xd": 117, "0xe": 240, "0xf": 208}, "snapshots": null, "memory": null, "statevector": null, "unitary": null}}, {"shots": 8192, "success": true, "status": "done", "seed": null, "meas_level": 2, "meas_return": null, "header": {"qubit_labels": [["q", 0], ["q", 1], ["q", 2], ["q", 3], ["q", 4], ["q", 5], ["q", 6]], "n_qubits": 7, "qreg_sizes": [["q", 7]], "clbit_labels": [["cr_anc", 0], ["cr", 0], ["cr", 1], ["cr", 2], ["cr", 3]], "memory_slots": 5, "creg_sizes": [["cr_anc", 1], ["cr", 4]], "name": "qc_dsp_Z", "global_phase": 1.5707963267948974, "metadata": {}}, "data": {"counts": {"0x0": 1731, "0x1": 1514, "0x10": 181, "0x11": 109, "0x12": 16, "0x13": 9, "0x14": 149, "0x15": 149, "0x16": 8, "0x17": 11, "0x18": 51, "0x19": 32, "0x1a": 9, "0x1b": 8, "0x1c": 49, "0x1d": 58, "0x1e": 4, "0x1f": 9, "0x2": 153, "0x3": 119, "0x4": 1232, "0x5": 1638, "0x6": 86, "0x7": 198, "0x8": 130, "0x9": 59, "0xa": 29, "0xb": 34, "0xc": 144, "0xd": 172, "0xe": 42, "0xf": 59}, "snapshots": null, "memory": null, "statevector": null, "unitary": null}}, {"shots": 8192, "success": true, "status": "done", "seed": null, "meas_level": 2, "meas_return": null, "header": {"qubit_labels": [["q", 0], ["q", 1], ["q", 2], ["q", 3], ["q", 4], ["q", 5], ["q", 6]], "n_qubits": 7, "qreg_sizes": [["q", 7]], "clbit_labels": [["cr_anc", 0], ["cr", 0], ["cr", 1], ["cr", 2], ["cr", 3]], "memory_slots": 5, "creg_sizes": [["cr_anc", 1], ["cr", 4]], "name": "qc_dsp_Z", "global_phase": 1.5707963267948974, "metadata": {}}, "data": {"counts": {"0x0": 2056, "0x1": 849, "0x10": 197, "0x11": 80, "0x12": 53, "0x13": 46, "0x14": 47, "0x15": 40, "0x16": 75, "0x17": 108, "0x18": 29, "0x19": 27, "0x1a": 56, "0x1b": 47, "0x1c": 59, "0x1d": 26, "0x1e": 40, "0x1f": 39, "0x2": 413, "0x3": 440, "0x4": 185, "0x5": 225, "0x6": 671, "0x7": 757, "0x8": 108, "0x9": 88, "0xa": 265, "0xb": 193, "0xc": 118, "0xd": 95, "0xe": 343, "0xf": 417}, "snapshots": null, "memory": null, "statevector": null, "unitary": null}}, {"shots": 8192, "success": true, "status": "done", "seed": null, "meas_level": 2, "meas_return": null, "header": {"qubit_labels": [["q", 0], ["q", 1], ["q", 2], ["q", 3], ["q", 4], ["q", 5], ["q", 6]], "n_qubits": 7, "qreg_sizes": [["q", 7]], "clbit_labels": [["cr_anc", 0], ["cr", 0], ["cr", 1], ["cr", 2], ["cr", 3]], "memory_slots": 5, "creg_sizes": [["cr_anc", 1], ["cr", 4]], "name": "qc_dsp_Z", "global_phase": 1.5707963267948974, "metadata": {}}, "data": {"counts": {"0x0": 2051, "0x1": 844, "0x10": 286, "0x11": 91, "0x12": 69, "0x13": 79, "0x14": 109, "0x15": 78, "0x16": 132, "0x17": 139, "0x18": 76, "0x19": 76, "0x1a": 53, "0x1b": 41, "0x1c": 59, "0x1d": 36, "0x1e": 63, "0x1f": 49, "0x2": 227, "0x3": 209, "0x4": 511, "0x5": 429, "0x6": 787, "0x7": 499, "0x8": 153, "0x9": 150, "0xa": 137, "0xb": 85, "0xc": 160, "0xd": 96, "0xe": 185, "0xf": 233}, "snapshots": null, "memory": null, "statevector": null, "unitary": null}}, {"shots": 8192, "success": true, "status": "done", "seed": null, "meas_level": 2, "meas_return": null, "header": {"qubit_labels": [["q", 0], ["q", 1], ["q", 2], ["q", 3], ["q", 4], ["q", 5], ["q", 6]], "n_qubits": 7, "qreg_sizes": [["q", 7]], "clbit_labels": [["cr_anc", 0], ["cr", 0], ["cr", 1], ["cr", 2], ["cr", 3]], "memory_slots": 5, "creg_sizes": [["cr_anc", 1], ["cr", 4]], "name": "qc_dsp_Z", "global_phase": 1.5707963267948974, "metadata": {}}, "data": {"counts": {"0x0": 1649, "0x1": 461, "0x10": 196, "0x11": 95, "0x12": 69, "0x13": 51, "0x14": 108, "0x15": 101, "0x16": 187, "0x17": 109, "0x18": 174, "0x19": 125, "0x1a": 107, "0x1b": 66, "0x1c": 145, "0x1d": 98, "0x1e": 163, "0x1f": 83, "0x2": 262, "0x3": 217, "0x4": 772, "0x5": 474, "0x6": 1002, "0x7": 508, "0x8": 170, "0x9": 80, "0xa": 104, "0xb": 109, "0xc": 247, "0xd": 94, "0xe": 107, "0xf": 59}, "snapshots": null, "memory": null, "statevector": null, "unitary": null}}, {"shots": 8192, "success": true, "status": "done", "seed": null, "meas_level": 2, "meas_return": null, "header": {"qubit_labels": [["q", 0], ["q", 1], ["q", 2], ["q", 3], ["q", 4], ["q", 5], ["q", 6]], "n_qubits": 7, "qreg_sizes": [["q", 7]], "clbit_labels": [["cr_anc", 0], ["cr", 0], ["cr", 1], ["cr", 2], ["cr", 3]], "memory_slots": 5, "creg_sizes": [["cr_anc", 1], ["cr", 4]], "name": "qc_dsp_Z", "global_phase": 8.881784197001252e-16, "metadata": {}}, "data": {"counts": {"0x0": 1497, "0x1": 1560, "0x10": 173, "0x11": 122, "0x12": 25, "0x13": 5, "0x14": 172, "0x15": 134, "0x16": 14, "0x17": 21, "0x18": 67, "0x19": 57, "0x1a": 14, "0x1b": 11, "0x1c": 48, "0x1d": 70, "0x1e": 10, "0x1f": 7, "0x2": 223, "0x3": 87, "0x4": 1235, "0x5": 1621, "0x6": 97, "0x7": 171, "0x8": 182, "0x9": 84, "0xa": 35, "0xb": 46, "0xc": 138, "0xd": 177, "0xe": 47, "0xf": 42}, "snapshots": null, "memory": null, "statevector": null, "unitary": null}}, {"shots": 8192, "success": true, "status": "done", "seed": null, "meas_level": 2, "meas_return": null, "header": {"qubit_labels": [["q", 0], ["q", 1], ["q", 2], ["q", 3], ["q", 4], ["q", 5], ["q", 6]], "n_qubits": 7, "qreg_sizes": [["q", 7]], "clbit_labels": [["cr_anc", 0], ["cr", 0], ["cr", 1], ["cr", 2], ["cr", 3]], "memory_slots": 5, "creg_sizes": [["cr_anc", 1], ["cr", 4]], "name": "qc_dsp_Z", "global_phase": 8.881784197001252e-16, "metadata": {}}, "data": {"counts": {"0x0": 1906, "0x1": 913, "0x10": 136, "0x11": 155, "0x12": 46, "0x13": 29, "0x14": 24, "0x15": 25, "0x16": 46, "0x17": 34, "0x18": 118, "0x19": 63, "0x1a": 103, "0x1b": 123, "0x1c": 81, "0x1d": 59, "0x1e": 152, "0x1f": 159, "0x2": 175, "0x3": 159, "0x4": 307, "0x5": 269, "0x6": 473, "0x7": 482, "0x8": 272, "0x9": 215, "0xa": 284, "0xb": 363, "0xc": 183, "0xd": 149, "0xe": 318, "0xf": 371}, "snapshots": null, "memory": null, "statevector": null, "unitary": null}}, {"shots": 8192, "success": true, "status": "done", "seed": null, "meas_level": 2, "meas_return": null, "header": {"qubit_labels": [["q", 0], ["q", 1], ["q", 2], ["q", 3], ["q", 4], ["q", 5], ["q", 6]], "n_qubits": 7, "qreg_sizes": [["q", 7]], "clbit_labels": [["cr_anc", 0], ["cr", 0], ["cr", 1], ["cr", 2], ["cr", 3]], "memory_slots": 5, "creg_sizes": [["cr_anc", 1], ["cr", 4]], "name": "qc_dsp_Z", "global_phase": 8.881784197001252e-16, "metadata": {}}, "data": {"counts": {"0x0": 1411, "0x1": 533, "0x10": 234, "0x11": 566, "0x12": 157, "0x13": 203, "0x14": 178, "0x15": 193, "0x16": 495, "0x17": 471, "0x18": 201, "0x19": 270, "0x1a": 81, "0x1b": 94, "0x1c": 109, "0x1d": 133, "0x1e": 99, "0x1f": 113, "0x2": 159, "0x3": 173, "0x4": 471, "0x5": 226, "0x6": 438, "0x7": 386, "0x8": 134, "0x9": 86, "0xa": 95, "0xb": 104, "0xc": 152, "0xd": 68, "0xe": 118, "0xf": 41}, "snapshots": null, "memory": null, "statevector": null, "unitary": null}}, {"shots": 8192, "success": true, "status": "done", "seed": null, "meas_level": 2, "meas_return": null, "header": {"qubit_labels": [["q", 0], ["q", 1], ["q", 2], ["q", 3], ["q", 4], ["q", 5], ["q", 6]], "n_qubits": 7, "qreg_sizes": [["q", 7]], "clbit_labels": [["cr_anc", 0], ["cr", 0], ["cr", 1], ["cr", 2], ["cr", 3]], "memory_slots": 5, "creg_sizes": [["cr_anc", 1], ["cr", 4]], "name": "qc_dsp_Z", "global_phase": 4.712388980384691, "metadata": {}}, "data": {"counts": {"0x0": 4663, "0x1": 131, "0x10": 517, "0x11": 129, "0x12": 45, "0x13": 46, "0x14": 57, "0x15": 28, "0x16": 33, "0x17": 23, "0x18": 246, "0x19": 124, "0x1a": 57, "0x1b": 40, "0x1c": 76, "0x1d": 36, "0x1e": 43, "0x1f": 27, "0x2": 281, "0x3": 207, "0x4": 237, "0x5": 177, "0x6": 314, "0x7": 103, "0x8": 140, "0x9": 63, "0xa": 61, "0xb": 41, "0xc": 70, "0xd": 91, "0xe": 50, "0xf": 36}, "snapshots": null, "memory": null, "statevector": null, "unitary": null}}, {"shots": 8192, "success": true, "status": "done", "seed": null, "meas_level": 2, "meas_return": null, "header": {"qubit_labels": [["q", 0], ["q", 1], ["q", 2], ["q", 3], ["q", 4], ["q", 5], ["q", 6]], "n_qubits": 7, "qreg_sizes": [["q", 7]], "clbit_labels": [["cr_anc", 0], ["cr", 0], ["cr", 1], ["cr", 2], ["cr", 3]], "memory_slots": 5, "creg_sizes": [["cr_anc", 1], ["cr", 4]], "name": "qc_dsp_Z", "global_phase": 4.712388980384691, "metadata": {}}, "data": {"counts": {"0x0": 3953, "0x1": 145, "0x10": 588, "0x11": 245, "0x12": 56, "0x13": 45, "0x14": 99, "0x15": 46, "0x16": 64, "0x17": 43, "0x18": 76, "0x19": 94, "0x1a": 48, "0x1b": 61, "0x1c": 101, "0x1d": 51, "0x1e": 41, "0x1f": 21, "0x2": 272, "0x3": 158, "0x4": 236, "0x5": 291, "0x6": 327, "0x7": 96, "0x8": 202, "0x9": 270, "0xa": 98, "0xb": 39, "0xc": 215, "0xd": 68, "0xe": 73, "0xf": 70}, "snapshots": null, "memory": null, "statevector": null, "unitary": null}}, {"shots": 8192, "success": true, "status": "done", "seed": null, "meas_level": 2, "meas_return": null, "header": {"qubit_labels": [["q", 0], ["q", 1], ["q", 2], ["q", 3], ["q", 4], ["q", 5], ["q", 6]], "n_qubits": 7, "qreg_sizes": [["q", 7]], "clbit_labels": [["cr_anc", 0], ["cr", 0], ["cr", 1], ["cr", 2], ["cr", 3]], "memory_slots": 5, "creg_sizes": [["cr_anc", 1], ["cr", 4]], "name": "qc_dsp_Z", "global_phase": 3.141592653589794, "metadata": {}}, "data": {"counts": {"0x0": 1575, "0x1": 1689, "0x10": 135, "0x11": 170, "0x12": 19, "0x13": 24, "0x14": 89, "0x15": 88, "0x16": 35, "0x17": 31, "0x18": 71, "0x19": 45, "0x1a": 26, "0x1b": 19, "0x1c": 39, "0x1d": 94, "0x1e": 19, "0x1f": 21, "0x2": 227, "0x3": 207, "0x4": 959, "0x5": 739, "0x6": 329, "0x7": 235, "0x8": 164, "0x9": 72, "0xa": 112, "0xb": 81, "0xc": 284, "0xd": 327, "0xe": 117, "0xf": 150}, "snapshots": null, "memory": null, "statevector": null, "unitary": null}}, {"shots": 8192, "success": true, "status": "done", "seed": null, "meas_level": 2, "meas_return": null, "header": {"qubit_labels": [["q", 0], ["q", 1], ["q", 2], ["q", 3], ["q", 4], ["q", 5], ["q", 6]], "n_qubits": 7, "qreg_sizes": [["q", 7]], "clbit_labels": [["cr_anc", 0], ["cr", 0], ["cr", 1], ["cr", 2], ["cr", 3]], "memory_slots": 5, "creg_sizes": [["cr_anc", 1], ["cr", 4]], "name": "qc_dsp_Z", "global_phase": 3.141592653589794, "metadata": {}}, "data": {"counts": {"0x0": 2391, "0x1": 697, "0x10": 606, "0x11": 1228, "0x12": 102, "0x13": 131, "0x14": 139, "0x15": 105, "0x16": 109, "0x17": 166, "0x18": 101, "0x19": 157, "0x1a": 39, "0x1b": 40, "0x1c": 82, "0x1d": 211, "0x1e": 24, "0x1f": 29, "0x2": 154, "0x3": 144, "0x4": 176, "0x5": 192, "0x6": 155, "0x7": 71, "0x8": 186, "0x9": 210, "0xa": 92, "0xb": 50, "0xc": 188, "0xd": 82, "0xe": 76, "0xf": 59}, "snapshots": null, "memory": null, "statevector": null, "unitary": null}}, {"shots": 8192, "success": true, "status": "done", "seed": null, "meas_level": 2, "meas_return": null, "header": {"qubit_labels": [["q", 0], ["q", 1], ["q", 2], ["q", 3], ["q", 4], ["q", 5], ["q", 6]], "n_qubits": 7, "qreg_sizes": [["q", 7]], "clbit_labels": [["cr_anc", 0], ["cr", 0], ["cr", 1], ["cr", 2], ["cr", 3]], "memory_slots": 5, "creg_sizes": [["cr_anc", 1], ["cr", 4]], "name": "qc_dsp_Z", "global_phase": 4.712388980384691, "metadata": {}}, "data": {"counts": {"0x0": 4012, "0x1": 116, "0x10": 437, "0x11": 22, "0x12": 39, "0x13": 2, "0x14": 72, "0x15": 21, "0x16": 40, "0x17": 7, "0x18": 87, "0x19": 99, "0x1a": 18, "0x1b": 13, "0x1c": 71, "0x1d": 132, "0x1e": 12, "0x1f": 23, "0x2": 358, "0x3": 14, "0x4": 624, "0x5": 69, "0x6": 414, "0x7": 19, "0x8": 285, "0x9": 456, "0xa": 58, "0xb": 95, "0xc": 174, "0xd": 265, "0xe": 77, "0xf": 61}, "snapshots": null, "memory": null, "statevector": null, "unitary": null}}, {"shots": 8192, "success": true, "status": "done", "seed": null, "meas_level": 2, "meas_return": null, "header": {"qubit_labels": [["q", 0], ["q", 1], ["q", 2], ["q", 3], ["q", 4], ["q", 5], ["q", 6]], "n_qubits": 7, "qreg_sizes": [["q", 7]], "clbit_labels": [["cr_anc", 0], ["cr", 0], ["cr", 1], ["cr", 2], ["cr", 3]], "memory_slots": 5, "creg_sizes": [["cr_anc", 1], ["cr", 4]], "name": "qc_dsp_Z", "global_phase": 3.141592653589794, "metadata": {}}, "data": {"counts": {"0x0": 2782, "0x1": 412, "0x10": 263, "0x11": 101, "0x12": 18, "0x13": 21, "0x14": 76, "0x15": 39, "0x16": 29, "0x17": 10, "0x18": 544, "0x19": 379, "0x1a": 74, "0x1b": 40, "0x1c": 166, "0x1d": 74, "0x1e": 55, "0x1f": 37, "0x2": 177, "0x3": 58, "0x4": 464, "0x5": 83, "0x6": 218, "0x7": 47, "0x8": 635, "0x9": 659, "0xa": 117, "0xb": 99, "0xc": 250, "0xd": 132, "0xe": 75, "0xf": 58}, "snapshots": null, "memory": null, "statevector": null, "unitary": null}}, {"shots": 8192, "success": true, "status": "done", "seed": null, "meas_level": 2, "meas_return": null, "header": {"qubit_labels": [["q", 0], ["q", 1], ["q", 2], ["q", 3], ["q", 4], ["q", 5], ["q", 6]], "n_qubits": 7, "qreg_sizes": [["q", 7]], "clbit_labels": [["cr_anc", 0], ["cr", 0], ["cr", 1], ["cr", 2], ["cr", 3]], "memory_slots": 5, "creg_sizes": [["cr_anc", 1], ["cr", 4]], "name": "qc_dsp_Z", "global_phase": 1.5707963267948974, "metadata": {}}, "data": {"counts": {"0x0": 2260, "0x1": 620, "0x10": 201, "0x11": 146, "0x12": 32, "0x13": 28, "0x14": 94, "0x15": 80, "0x16": 48, "0x17": 27, "0x18": 609, "0x19": 777, "0x1a": 93, "0x1b": 93, "0x1c": 288, "0x1d": 145, "0x1e": 85, "0x1f": 82, "0x2": 203, "0x3": 79, "0x4": 496, "0x5": 130, "0x6": 220, "0x7": 72, "0x8": 447, "0x9": 249, "0xa": 87, "0xb": 84, "0xc": 216, "0xd": 103, "0xe": 57, "0xf": 41}, "snapshots": null, "memory": null, "statevector": null, "unitary": null}}, {"shots": 8192, "success": true, "status": "done", "seed": null, "meas_level": 2, "meas_return": null, "header": {"qubit_labels": [["q", 0], ["q", 1], ["q", 2], ["q", 3], ["q", 4], ["q", 5], ["q", 6]], "n_qubits": 7, "qreg_sizes": [["q", 7]], "clbit_labels": [["cr_anc", 0], ["cr", 0], ["cr", 1], ["cr", 2], ["cr", 3]], "memory_slots": 5, "creg_sizes": [["cr_anc", 1], ["cr", 4]], "name": "qc_dsp_Z", "global_phase": 4.712388980384691, "metadata": {}}, "data": {"counts": {"0x0": 2284, "0x1": 625, "0x10": 214, "0x11": 68, "0x12": 70, "0x13": 70, "0x14": 55, "0x15": 34, "0x16": 86, "0x17": 75, "0x18": 73, "0x19": 35, "0x1a": 44, "0x1b": 68, "0x1c": 40, "0x1d": 44, "0x1e": 31, "0x1f": 39, "0x2": 777, "0x3": 588, "0x4": 292, "0x5": 271, "0x6": 815, "0x7": 689, "0x8": 137, "0x9": 88, "0xa": 90, "0xb": 64, "0xc": 92, "0xd": 82, "0xe": 118, "0xf": 134}, "snapshots": null, "memory": null, "statevector": null, "unitary": null}}, {"shots": 8192, "success": true, "status": "done", "seed": null, "meas_level": 2, "meas_return": null, "header": {"qubit_labels": [["q", 0], ["q", 1], ["q", 2], ["q", 3], ["q", 4], ["q", 5], ["q", 6]], "n_qubits": 7, "qreg_sizes": [["q", 7]], "clbit_labels": [["cr_anc", 0], ["cr", 0], ["cr", 1], ["cr", 2], ["cr", 3]], "memory_slots": 5, "creg_sizes": [["cr_anc", 1], ["cr", 4]], "name": "qc_dsp_Z", "global_phase": 3.141592653589794, "metadata": {}}, "data": {"counts": {"0x0": 910, "0x1": 1702, "0x10": 104, "0x11": 158, "0x12": 90, "0x13": 51, "0x14": 46, "0x15": 38, "0x16": 51, "0x17": 44, "0x18": 106, "0x19": 119, "0x1a": 305, "0x1b": 183, "0x1c": 58, "0x1d": 62, "0x1e": 317, "0x1f": 226, "0x2": 375, "0x3": 289, "0x4": 211, "0x5": 171, "0x6": 283, "0x7": 329, "0x8": 185, "0x9": 128, "0xa": 381, "0xb": 267, "0xc": 83, "0xd": 134, "0xe": 451, "0xf": 335}, "snapshots": null, "memory": null, "statevector": null, "unitary": null}}, {"shots": 8192, "success": true, "status": "done", "seed": null, "meas_level": 2, "meas_return": null, "header": {"qubit_labels": [["q", 0], ["q", 1], ["q", 2], ["q", 3], ["q", 4], ["q", 5], ["q", 6]], "n_qubits": 7, "qreg_sizes": [["q", 7]], "clbit_labels": [["cr_anc", 0], ["cr", 0], ["cr", 1], ["cr", 2], ["cr", 3]], "memory_slots": 5, "creg_sizes": [["cr_anc", 1], ["cr", 4]], "name": "qc_dsp_Z", "global_phase": 3.141592653589794, "metadata": {}}, "data": {"counts": {"0x0": 1308, "0x1": 1487, "0x10": 169, "0x11": 152, "0x12": 36, "0x13": 19, "0x14": 133, "0x15": 91, "0x16": 15, "0x17": 38, "0x18": 95, "0x19": 76, "0x1a": 20, "0x1b": 11, "0x1c": 68, "0x1d": 63, "0x1e": 19, "0x1f": 11, "0x2": 262, "0x3": 203, "0x4": 928, "0x5": 1039, "0x6": 124, "0x7": 340, "0x8": 194, "0x9": 225, "0xa": 54, "0xb": 72, "0xc": 525, "0xd": 297, "0xe": 51, "0xf": 67}, "snapshots": null, "memory": null, "statevector": null, "unitary": null}}, {"shots": 8192, "success": true, "status": "done", "seed": null, "meas_level": 2, "meas_return": null, "header": {"qubit_labels": [["q", 0], ["q", 1], ["q", 2], ["q", 3], ["q", 4], ["q", 5], ["q", 6]], "n_qubits": 7, "qreg_sizes": [["q", 7]], "clbit_labels": [["cr_anc", 0], ["cr", 0], ["cr", 1], ["cr", 2], ["cr", 3]], "memory_slots": 5, "creg_sizes": [["cr_anc", 1], ["cr", 4]], "name": "qc_dsp_Z", "global_phase": 3.141592653589794, "metadata": {}}, "data": {"counts": {"0x0": 627, "0x1": 1189, "0x10": 531, "0x11": 315, "0x12": 146, "0x13": 177, "0x14": 262, "0x15": 154, "0x16": 494, "0x17": 434, "0x18": 105, "0x19": 161, "0x1a": 78, "0x1b": 100, "0x1c": 143, "0x1d": 122, "0x1e": 63, "0x1f": 68, "0x2": 174, "0x3": 207, "0x4": 302, "0x5": 246, "0x6": 299, "0x7": 321, "0x8": 183, "0x9": 159, "0xa": 202, "0xb": 203, "0xc": 129, "0xd": 249, "0xe": 231, "0xf": 118}, "snapshots": null, "memory": null, "statevector": null, "unitary": null}}, {"shots": 8192, "success": true, "status": "done", "seed": null, "meas_level": 2, "meas_return": null, "header": {"qubit_labels": [["q", 0], ["q", 1], ["q", 2], ["q", 3], ["q", 4], ["q", 5], ["q", 6]], "n_qubits": 7, "qreg_sizes": [["q", 7]], "clbit_labels": [["cr_anc", 0], ["cr", 0], ["cr", 1], ["cr", 2], ["cr", 3]], "memory_slots": 5, "creg_sizes": [["cr_anc", 1], ["cr", 4]], "name": "qc_dsp_Z", "global_phase": 1.5707963267948974, "metadata": {}}, "data": {"counts": {"0x0": 1180, "0x1": 1253, "0x10": 149, "0x11": 156, "0x12": 43, "0x13": 32, "0x14": 111, "0x15": 117, "0x16": 35, "0x17": 26, "0x18": 231, "0x19": 157, "0x1a": 68, "0x1b": 75, "0x1c": 233, "0x1d": 328, "0x1e": 42, "0x1f": 48, "0x2": 108, "0x3": 146, "0x4": 467, "0x5": 420, "0x6": 173, "0x7": 310, "0x8": 308, "0x9": 345, "0xa": 130, "0xb": 169, "0xc": 463, "0xd": 700, "0xe": 100, "0xf": 69}, "snapshots": null, "memory": null, "statevector": null, "unitary": null}}, {"shots": 8192, "success": true, "status": "done", "seed": null, "meas_level": 2, "meas_return": null, "header": {"qubit_labels": [["q", 0], ["q", 1], ["q", 2], ["q", 3], ["q", 4], ["q", 5], ["q", 6]], "n_qubits": 7, "qreg_sizes": [["q", 7]], "clbit_labels": [["cr_anc", 0], ["cr", 0], ["cr", 1], ["cr", 2], ["cr", 3]], "memory_slots": 5, "creg_sizes": [["cr_anc", 1], ["cr", 4]], "name": "qc_dsp_Z", "global_phase": 1.5707963267948974, "metadata": {}}, "data": {"counts": {"0x0": 1505, "0x1": 1295, "0x10": 137, "0x11": 167, "0x12": 30, "0x13": 21, "0x14": 53, "0x15": 58, "0x16": 15, "0x17": 17, "0x18": 116, "0x19": 121, "0x1a": 65, "0x1b": 44, "0x1c": 224, "0x1d": 227, "0x1e": 35, "0x1f": 55, "0x2": 125, "0x3": 135, "0x4": 571, "0x5": 157, "0x6": 185, "0x7": 156, "0x8": 242, "0x9": 262, "0xa": 240, "0xb": 161, "0xc": 748, "0xd": 771, "0xe": 108, "0xf": 146}, "snapshots": null, "memory": null, "statevector": null, "unitary": null}}, {"shots": 8192, "success": true, "status": "done", "seed": null, "meas_level": 2, "meas_return": null, "header": {"qubit_labels": [["q", 0], ["q", 1], ["q", 2], ["q", 3], ["q", 4], ["q", 5], ["q", 6]], "n_qubits": 7, "qreg_sizes": [["q", 7]], "clbit_labels": [["cr_anc", 0], ["cr", 0], ["cr", 1], ["cr", 2], ["cr", 3]], "memory_slots": 5, "creg_sizes": [["cr_anc", 1], ["cr", 4]], "name": "qc_dsp_Z", "global_phase": 8.881784197001252e-16, "metadata": {}}, "data": {"counts": {"0x0": 983, "0x1": 1074, "0x10": 176, "0x11": 130, "0x12": 83, "0x13": 46, "0x14": 214, "0x15": 148, "0x16": 70, "0x17": 56, "0x18": 400, "0x19": 302, "0x1a": 153, "0x1b": 108, "0x1c": 391, "0x1d": 522, "0x1e": 108, "0x1f": 98, "0x2": 131, "0x3": 185, "0x4": 544, "0x5": 436, "0x6": 166, "0x7": 392, "0x8": 260, "0x9": 214, "0xa": 94, "0xb": 95, "0xc": 211, "0xd": 295, "0xe": 53, "0xf": 54}, "snapshots": null, "memory": null, "statevector": null, "unitary": null}}, {"shots": 8192, "success": true, "status": "done", "seed": null, "meas_level": 2, "meas_return": null, "header": {"qubit_labels": [["q", 0], ["q", 1], ["q", 2], ["q", 3], ["q", 4], ["q", 5], ["q", 6]], "n_qubits": 7, "qreg_sizes": [["q", 7]], "clbit_labels": [["cr_anc", 0], ["cr", 0], ["cr", 1], ["cr", 2], ["cr", 3]], "memory_slots": 5, "creg_sizes": [["cr_anc", 1], ["cr", 4]], "name": "qc_dsp_Z", "global_phase": 1.5707963267948974, "metadata": {}}, "data": {"counts": {"0x0": 1024, "0x1": 906, "0x10": 385, "0x11": 158, "0x12": 134, "0x13": 127, "0x14": 187, "0x15": 135, "0x16": 307, "0x17": 261, "0x18": 226, "0x19": 274, "0x1a": 316, "0x1b": 208, "0x1c": 143, "0x1d": 194, "0x1e": 341, "0x1f": 345, "0x2": 146, "0x3": 182, "0x4": 349, "0x5": 232, "0x6": 238, "0x7": 264, "0x8": 146, "0x9": 145, "0xa": 142, "0xb": 131, "0xc": 104, "0xd": 199, "0xe": 116, "0xf": 127}, "snapshots": null, "memory": null, "statevector": null, "unitary": null}}], "error": null}